checking_account_status,duration_months,credit_history,purpose,credit_amount,savings_account,employment_since,installment_rate,personal_status_sex,other_debtors,residence_since,property,age,other_installment_plans,housing,existing_credits,job,people_liable,telephone,foreign_worker,target
1,18,4,2,1049.0,1,2,4,2,1,4,2,21,3,1,1,3,2,1,2,1
1,9,4,0,2799.0,1,3,2,3,1,2,1,36,3,1,2,3,1,1,2,1
2,12,2,9,841.0,2,4,2,2,1,4,1,23,3,1,1,2,2,1,2,1
1,12,4,0,2122.0,1,3,3,3,1,2,1,39,3,1,2,2,1,1,1,1
1,12,4,0,2171.0,1,3,4,3,1,4,2,38,1,2,2,2,2,1,1,1
1,10,4,0,2241.0,1,2,1,3,1,3,1,48,3,1,2,2,1,1,1,1
1,8,4,0,3398.0,1,4,1,3,1,4,1,39,3,2,2,2,2,1,1,1
1,6,4,0,1361.0,1,2,2,3,1,4,1,40,3,2,1,2,1,1,1,1
4,18,4,3,1098.0,1,1,4,2,1,4,3,65,3,2,2,1,2,1,2,1
2,24,2,3,3758.0,3,1,1,2,1,4,4,23,3,1,1,1,2,1,2,1
1,11,4,0,3905.0,1,3,2,3,1,2,1,36,3,1,2,3,1,1,2,1
1,30,4,1,6187.0,2,4,1,4,1,4,3,24,3,1,2,3,2,1,2,1
1,6,4,3,1957.0,1,4,1,2,1,4,3,31,3,2,1,3,2,1,2,1
2,48,3,Other,7582.0,2,1,2,3,1,4,4,31,3,2,1,4,2,2,2,1
1,18,2,3,1936.0,5,4,2,4,1,4,3,23,3,1,2,2,2,1,2,1
1,6,2,3,2647.0,3,3,2,3,1,3,1,44,3,1,1,3,1,1,2,1
1,11,4,0,3939.0,1,3,1,3,1,2,1,40,3,2,2,2,1,1,2,1
2,18,2,3,3213.0,3,2,1,4,1,3,1,25,3,1,1,3,2,1,2,1
2,36,4,3,2337.0,1,5,4,3,1,4,1,36,3,2,1,3,2,1,2,1
4,11,4,0,7228.0,1,3,1,3,1,4,2,39,3,2,2,2,2,1,2,1
1,6,4,0,3676.0,1,3,1,3,1,3,1,37,3,1,3,3,1,1,2,1
2,12,4,0,3124.0,1,2,1,3,1,3,1,49,1,2,2,2,1,1,2,1
2,36,2,5,2384.0,1,2,4,3,1,1,4,33,3,1,1,2,2,1,2,0
2,12,4,Other,1424.0,1,4,4,3,1,3,2,26,3,2,1,3,2,1,2,1
1,6,4,0,4716.0,5,2,1,3,1,3,1,44,3,2,2,2,1,1,2,1
2,11,3,3,4771.0,1,4,2,3,1,4,2,51,3,2,1,3,2,1,2,1
1,12,2,2,652.0,1,5,4,2,1,4,2,24,3,1,1,3,2,1,2,1
2,9,4,3,1154.0,1,5,2,3,1,4,1,37,3,2,3,2,2,1,2,1
4,15,2,0,3556.0,5,3,3,3,1,2,4,29,3,2,1,3,2,1,2,1
3,42,4,1,4796.0,1,5,4,3,1,4,4,56,3,3,1,3,2,1,2,1
3,30,4,3,3017.0,1,5,4,3,1,4,2,47,3,2,1,3,2,1,2,1
4,36,4,0,3535.0,1,4,4,3,1,4,3,37,3,2,2,3,2,2,2,1
4,36,4,0,6614.0,1,5,4,3,1,4,3,34,3,2,2,4,2,2,2,1
4,24,2,3,1376.0,3,4,4,2,1,1,3,28,3,2,1,3,2,1,2,1
1,15,2,0,1721.0,1,2,2,3,1,3,1,36,3,2,1,3,2,1,2,1
1,6,4,0,860.0,1,5,1,2,1,4,4,39,3,2,2,3,2,2,2,1
4,12,4,0,1495.0,1,5,4,3,1,1,1,38,3,2,2,2,1,1,2,1
4,12,4,3,1934.0,1,5,2,3,1,2,4,26,3,2,2,3,2,1,2,1
4,18,2,1,3378.0,5,3,2,3,1,1,2,31,3,2,1,3,2,2,2,1
4,24,4,1,3868.0,1,5,4,2,1,2,3,41,3,1,2,4,2,2,2,1
4,12,4,5,996.0,5,4,4,2,1,4,1,23,3,2,2,3,2,1,2,1
1,24,2,Other,1755.0,1,5,4,2,3,4,1,58,3,2,1,2,2,2,2,1
4,18,4,0,1028.0,1,3,4,2,1,3,1,36,3,2,2,3,2,1,2,1
2,24,4,9,2825.0,5,4,4,3,1,3,4,34,3,2,2,3,1,2,2,1
2,18,2,6,1239.0,5,3,4,3,1,4,4,61,3,3,1,3,2,1,2,1
1,18,2,0,1216.0,1,2,4,2,1,3,3,23,3,1,1,3,2,2,2,0
4,24,2,9,1258.0,1,4,4,3,1,1,1,25,3,2,1,3,2,2,2,1
4,18,4,6,1864.0,2,3,4,2,1,2,1,30,3,2,2,3,2,1,2,0
4,24,2,0,1474.0,2,2,4,4,1,3,1,33,3,2,1,3,2,2,2,1
1,24,4,9,1382.0,2,4,4,3,1,1,1,26,3,2,2,3,2,2,2,1
4,12,2,0,640.0,1,3,4,1,1,2,1,49,3,2,1,2,2,1,2,1
3,36,2,3,3919.0,1,3,2,3,1,2,1,23,3,2,1,3,2,2,2,1
4,9,4,0,1224.0,1,3,3,3,1,1,1,30,3,2,2,3,2,1,2,1
4,12,4,3,2331.0,5,5,1,3,2,4,1,49,3,2,1,3,2,2,2,1
4,24,2,1,6313.0,5,5,3,3,1,4,3,41,3,2,1,4,1,2,2,1
1,12,4,3,425.83,1,4,4,2,1,3,1,58,3,2,4,2,2,2,2,1
4,12,4,3,1655.0,1,5,2,3,1,4,1,63,3,2,2,2,2,2,2,1
1,15,2,3,1053.0,1,2,4,4,1,2,1,27,3,2,1,3,2,1,1,1
4,21,2,3,3160.0,5,5,4,3,1,3,2,41,3,2,1,3,2,2,2,1
4,36,2,0,3079.0,5,3,4,3,1,4,1,36,3,2,1,3,2,1,2,1
4,12,4,0,1163.0,3,3,4,3,1,4,1,44,3,2,1,3,2,2,2,1
4,24,2,1,2679.0,1,2,4,2,1,1,4,29,3,2,1,4,2,2,2,1
4,48,4,3,3578.0,5,5,4,3,1,1,1,47,3,2,1,3,2,2,2,1
4,36,3,0,10875.0,1,5,2,3,1,2,3,45,3,2,2,3,1,2,2,1
1,12,3,0,1344.0,1,3,4,3,1,2,1,43,3,2,2,2,1,1,2,1
4,6,4,3,1237.0,2,3,1,2,1,1,2,27,3,2,2,3,2,1,2,1
4,12,2,3,3077.0,1,3,2,3,1,4,3,52,3,2,1,3,2,2,2,1
4,24,2,3,2284.0,1,4,4,3,1,2,3,28,3,2,1,3,2,2,2,1
2,12,2,3,1567.0,1,3,1,2,1,1,3,22,3,2,1,3,2,2,2,1
4,24,3,0,2032.0,1,5,4,3,1,4,4,60,3,3,2,3,2,2,2,1
2,21,4,2,2745.0,4,4,3,3,1,2,3,32,3,2,2,3,2,2,2,1
4,30,2,3,1867.0,5,5,4,3,1,4,3,58,3,2,1,3,2,2,2,1
4,36,2,3,2299.0,3,5,4,3,1,4,3,39,3,2,1,3,2,1,2,1
4,24,2,2,929.0,5,4,4,3,1,2,3,31,2,2,1,3,2,2,2,1
3,12,2,3,3399.0,5,5,2,3,1,3,3,37,3,2,1,4,2,1,2,1
2,9,2,2,2030.0,5,4,2,3,1,1,3,24,3,2,1,3,2,2,2,1
4,21,4,1,3275.0,1,5,1,3,1,4,3,36,3,2,1,4,2,2,2,1
4,24,4,0,1940.0,4,5,4,3,1,4,1,60,3,2,1,3,2,2,2,1
1,21,4,0,1602.0,1,5,4,4,1,3,3,30,3,2,2,3,2,2,2,1
4,15,2,3,1979.0,5,5,4,3,1,2,3,35,3,2,1,3,2,1,2,1
4,24,4,0,2022.0,1,3,4,2,1,4,3,37,3,2,1,3,2,2,2,1
4,36,4,3,3342.0,5,5,4,3,1,2,3,51,3,2,1,3,2,2,2,1
2,18,2,0,5866.0,2,3,2,3,1,2,3,30,3,2,2,3,2,2,2,1
3,15,4,1,2360.0,3,3,2,3,1,2,3,36,3,2,1,3,2,2,2,1
4,15,4,2,1520.0,5,5,4,3,1,4,2,63,3,2,1,3,2,1,2,1
1,12,2,0,3651.0,4,3,1,3,1,3,2,31,3,2,1,3,1,1,2,1
4,24,4,1,2346.0,1,4,4,3,1,3,3,35,3,2,2,3,2,2,2,1
4,36,3,3,4454.0,1,3,4,2,1,4,1,34,3,2,2,3,2,1,2,1
1,6,4,0,666.0,4,4,3,2,1,4,1,39,3,2,2,2,2,2,2,1
2,24,3,0,1965.0,5,3,4,2,1,4,3,42,3,1,2,3,2,2,2,1
2,12,4,0,1995.0,2,2,4,3,1,1,3,27,3,2,1,3,2,1,2,1
2,30,2,3,2991.0,5,5,2,2,1,4,3,25,3,2,1,3,2,1,2,1
2,30,0,9,4221.0,1,3,2,2,1,1,3,28,3,2,2,3,2,1,2,1
1,9,2,3,1364.0,1,4,3,3,1,4,1,59,3,2,1,3,2,1,2,1
2,18,4,2,6361.0,1,5,2,3,1,1,4,41,3,2,1,3,2,2,2,1
4,27,4,2,4526.0,4,2,4,3,1,2,1,32,2,2,2,2,1,2,2,1
2,12,4,3,3573.0,1,3,1,2,1,1,1,23,3,2,1,2,2,1,2,1
2,36,3,9,4455.0,1,3,2,1,1,2,1,30,2,2,2,4,2,2,2,0
1,9,2,2,2136.0,1,3,3,3,1,2,1,25,3,2,1,3,2,1,2,1
2,42,4,9,5954.0,1,4,2,2,1,1,1,41,1,2,2,2,2,1,2,1
4,24,4,2,3777.0,4,3,4,3,1,4,1,40,3,2,1,3,2,2,2,1
1,15,2,9,806.0,1,3,4,2,1,4,2,22,3,2,1,2,2,1,2,1
2,24,3,9,4712.0,5,3,4,3,1,2,2,34,1,2,2,4,2,2,2,1
2,36,3,0,7432.0,1,3,2,2,1,2,2,54,3,1,1,3,2,1,2,1
4,24,4,3,1851.0,1,4,4,4,3,2,3,33,3,2,2,3,2,2,2,1
4,24,2,0,1393.0,1,3,2,3,3,2,1,31,3,2,1,3,2,2,2,1
4,12,4,9,1412.0,1,3,4,2,3,2,1,29,3,2,2,4,2,2,2,1
4,18,2,3,1473.0,1,2,3,4,1,4,1,39,3,2,1,3,2,2,2,1
4,24,2,3,1533.0,1,2,4,2,1,3,3,38,2,2,1,3,2,2,2,1
4,12,4,6,2012.0,5,4,4,2,1,2,3,61,3,2,1,3,2,1,2,1
1,15,2,0,3959.0,1,3,3,2,1,2,2,29,3,2,1,3,2,2,2,0
1,6,2,2,428.0,1,5,2,2,1,1,2,49,1,2,1,3,2,2,2,1
2,12,4,0,2366.0,3,4,3,1,1,3,3,36,3,2,1,4,2,2,2,1
4,12,2,2,763.0,1,3,4,2,1,1,1,26,3,2,1,3,2,2,2,1
2,21,2,2,3976.0,5,4,2,3,1,3,3,35,3,2,1,3,2,2,2,1
2,18,2,0,6260.0,1,4,3,3,1,3,1,28,3,1,1,2,2,1,2,1
2,9,4,2,1919.0,1,4,4,3,1,3,3,35,3,1,1,3,2,2,2,1
4,24,2,1,2603.0,4,3,2,2,1,4,3,28,3,1,1,3,2,2,2,1
4,9,4,6,936.0,3,5,4,3,1,2,3,52,3,2,2,3,2,2,2,1
4,24,2,2,3062.0,3,5,4,3,1,3,4,32,3,1,1,3,2,2,2,1
2,36,2,3,4795.0,1,2,4,2,1,1,4,30,3,2,1,4,2,2,2,1
4,36,4,1,5842.0,1,5,2,3,1,2,2,35,3,2,2,3,1,2,2,1
2,6,2,3,2063.0,1,2,4,4,1,3,3,30,3,1,1,4,2,2,2,1
4,15,4,3,1459.0,1,3,4,2,1,2,3,43,3,2,1,2,2,1,2,1
4,15,2,3,1213.0,3,5,4,3,1,3,2,47,2,2,1,3,2,2,2,1
4,24,4,3,5103.0,1,2,3,4,1,3,4,47,3,3,3,3,2,2,2,1
4,15,2,Other,874.0,5,2,4,2,1,1,1,24,3,2,1,3,2,1,2,1
4,6,2,2,2978.0,3,3,1,3,1,2,3,32,3,2,1,3,2,2,2,1
4,18,2,0,1820.0,1,3,2,4,1,2,2,30,3,2,1,4,2,2,2,1
4,24,4,3,2872.0,2,5,3,3,1,4,1,36,3,2,1,3,1,2,2,1
3,24,2,2,1925.0,1,3,2,3,1,2,1,26,3,2,1,3,2,1,2,1
4,18,2,2,2515.0,1,3,3,3,1,4,1,43,3,2,1,3,2,2,2,1
3,6,2,2,2116.0,1,3,2,3,1,2,1,41,3,2,1,3,2,2,2,1
4,18,2,3,1453.0,1,2,3,2,1,1,1,26,3,2,1,3,2,1,2,1
4,10,2,0,1364.0,1,3,2,2,1,4,3,64,3,2,1,3,2,2,2,1
4,6,2,2,1543.0,4,3,4,1,1,2,1,33,3,2,1,3,2,1,2,1
2,12,2,0,1318.0,4,5,4,3,1,4,1,54,3,2,1,3,2,2,2,1
1,24,1,0,2325.0,2,4,2,3,1,3,3,32,1,2,1,3,2,1,2,1
2,6,4,Other,932.0,5,4,1,2,1,3,2,39,3,2,2,2,2,1,2,1
3,24,4,3,3148.0,5,3,3,3,1,2,3,31,3,2,2,3,2,2,2,1
4,36,2,3,3835.0,5,5,2,2,1,4,1,45,3,2,1,2,2,2,2,1
4,9,2,6,3832.0,5,5,1,3,1,4,1,64,3,2,1,2,2,1,2,1
2,24,2,3,5084.0,5,5,2,2,1,4,3,42,3,2,1,3,2,2,2,1
4,9,4,2,2406.0,1,1,2,3,1,3,3,31,3,2,1,4,2,1,2,1
4,36,2,3,2394.0,5,3,4,2,1,4,3,25,3,2,1,3,2,1,2,1
4,21,2,1,2476.0,5,5,4,3,1,4,1,46,3,2,1,4,2,2,2,1
1,24,2,1,2964.0,5,5,4,3,1,4,4,49,1,3,1,3,1,2,2,1
1,12,2,2,1262.0,5,5,2,1,1,4,2,49,3,2,1,2,2,2,2,1
4,12,2,9,1542.0,1,4,2,3,1,4,3,36,3,2,1,3,2,2,2,1
2,24,4,3,1743.0,1,5,4,3,1,2,2,48,3,2,2,2,2,1,2,1
3,12,1,3,425.83,4,3,3,2,1,3,1,42,3,1,2,3,2,1,2,1
4,12,2,3,2171.0,1,2,2,2,1,2,3,29,1,2,1,3,2,1,2,1
4,48,4,1,8858.0,5,4,2,3,1,1,4,35,3,3,2,3,2,2,2,1
2,24,2,0,3512.0,2,4,2,3,1,3,3,38,1,2,2,3,2,2,2,1
2,12,2,3,1158.0,3,3,3,1,1,1,3,26,3,2,1,3,2,2,2,1
4,24,4,3,2684.0,1,3,4,3,1,2,1,35,3,2,2,2,2,1,2,1
1,12,2,3,1498.0,1,3,4,2,1,1,3,23,1,2,1,3,2,1,2,1
4,30,4,3,5954.0,1,4,3,3,2,2,3,38,3,2,1,3,2,1,2,1
2,48,1,9,6416.0,1,5,4,2,1,3,4,59,3,1,1,3,2,1,2,0
2,12,4,2,3617.0,1,5,1,3,1,4,3,28,3,1,3,3,2,2,2,1
4,12,4,3,1291.0,1,3,4,2,1,2,2,35,3,2,2,3,2,1,2,1
3,24,4,9,1275.0,4,3,2,1,1,4,1,36,3,2,2,3,2,2,2,1
4,24,2,2,3972.0,1,4,2,2,1,4,2,25,3,1,1,3,2,2,2,1
4,15,4,2,3343.0,1,3,4,3,1,2,4,28,3,3,1,3,2,2,2,1
3,15,2,6,425.83,1,2,4,2,1,4,2,23,3,1,1,3,2,2,2,1
4,9,4,0,2134.0,1,3,4,3,1,4,3,48,3,2,3,3,2,2,2,1
4,30,4,3,5771.0,1,4,4,2,1,2,3,25,3,2,2,3,2,1,2,1
4,24,4,9,4526.0,1,3,3,3,1,2,1,74,3,2,1,4,2,2,2,1
4,15,4,2,2788.0,1,4,2,2,2,3,3,24,1,2,2,3,2,1,2,1
4,6,4,3,1382.0,1,3,1,2,1,1,3,28,3,2,2,3,2,2,2,1
3,36,2,3,5848.0,1,3,4,3,1,1,3,24,3,2,1,3,2,1,2,1
1,12,2,0,1228.0,1,3,4,2,1,2,1,24,3,2,1,2,2,1,2,0
3,12,2,3,1297.0,1,3,3,4,1,4,1,23,3,1,1,3,2,1,2,1
4,24,2,3,1552.0,1,4,3,3,1,1,3,32,1,2,1,3,1,1,2,1
4,12,2,3,1963.0,1,4,4,3,1,2,3,31,3,1,2,4,1,2,2,1
4,24,2,3,3235.0,3,5,3,1,1,2,3,36,3,2,1,4,2,2,2,1
4,24,4,9,4139.0,2,3,3,3,1,3,2,27,3,2,2,2,2,2,2,1
2,12,4,1,1804.0,2,2,3,3,1,4,2,44,3,2,1,3,2,1,2,1
4,18,2,9,1950.0,1,4,4,3,1,1,3,34,2,2,2,3,2,2,2,1
4,48,3,3,12749.0,3,4,4,3,1,1,3,37,3,2,1,4,2,2,2,1
4,9,2,Other,1236.0,1,2,1,2,1,4,1,23,3,1,1,3,2,2,2,1
4,18,4,0,1055.0,1,2,4,2,1,1,2,30,3,2,2,3,2,1,2,1
1,30,0,9,8072.0,5,2,2,3,1,3,3,25,1,2,3,3,2,1,2,1
4,30,4,3,2831.0,1,3,4,2,1,2,3,33,3,2,1,3,2,2,2,1
4,9,2,9,1449.0,1,4,3,2,1,2,3,27,3,2,2,3,2,1,2,1
4,36,2,9,5742.0,2,4,2,3,1,2,3,31,3,2,2,3,2,2,2,1
4,12,2,0,2390.0,5,5,4,3,1,3,3,50,3,2,1,3,2,2,2,1
4,24,2,3,3430.0,3,5,3,3,1,2,3,31,3,2,1,3,1,2,2,1
2,36,2,6,2273.0,1,4,3,3,1,1,3,32,3,2,2,3,1,1,2,1
3,21,2,0,2923.0,2,3,1,2,1,1,3,28,1,2,1,4,2,2,2,1
4,24,2,3,1901.0,2,3,4,3,1,4,3,29,3,1,1,4,2,2,2,1
2,36,2,6,3711.0,5,3,2,4,1,2,3,27,3,2,1,3,2,1,2,1
2,48,2,0,8487.0,5,4,1,2,1,2,3,24,3,2,1,3,2,1,2,1
4,24,2,0,2255.0,5,2,4,3,1,1,2,54,3,2,1,3,2,1,2,1
4,12,2,3,1262.0,1,3,3,3,1,2,3,25,3,2,1,3,2,1,2,1
4,33,4,1,7253.0,1,4,3,3,1,2,3,35,3,2,2,4,2,2,2,1
4,6,4,0,6761.0,1,4,1,3,1,3,4,45,3,2,2,4,1,2,2,1
4,18,4,2,1817.0,1,3,4,2,1,2,4,28,3,2,2,3,2,1,2,1
4,12,2,3,2141.0,2,4,3,3,1,1,4,35,3,2,1,3,2,1,2,1
4,48,1,9,3609.0,1,3,1,2,1,1,1,27,2,2,1,3,2,1,2,1
4,30,2,3,2333.0,3,5,4,3,1,2,3,30,1,2,1,4,2,1,2,1
4,28,1,1,7824.0,5,2,3,3,3,4,1,40,1,1,2,3,1,2,2,1
3,18,1,3,1445.0,5,4,4,3,1,4,3,49,1,2,1,2,2,1,2,1
1,24,2,2,7721.0,5,2,1,2,1,2,2,30,3,2,1,3,2,2,1,1
1,21,2,0,3763.0,5,4,2,3,2,2,1,24,3,2,1,2,2,1,1,1
2,18,2,9,4439.0,1,5,1,3,2,1,1,33,1,2,1,4,2,2,2,1
1,12,2,3,1107.0,1,3,2,3,1,2,1,20,3,1,1,4,1,2,2,1
2,15,2,3,1444.0,5,2,4,3,1,1,2,23,3,2,1,3,2,1,2,1
2,48,1,0,12169.0,5,1,4,3,2,4,4,36,3,3,1,4,2,2,2,1
4,9,2,3,2753.0,2,5,3,3,2,4,3,35,3,2,1,3,2,2,2,1
3,6,2,0,1494.0,5,2,1,3,1,2,1,29,3,2,1,2,1,1,1,1
1,24,1,2,2828.0,3,3,4,3,1,4,1,22,2,2,1,3,2,2,2,1
1,24,1,2,2483.0,3,3,4,3,1,4,1,22,2,2,1,3,2,2,2,1
3,6,4,0,1299.0,1,3,1,3,1,1,1,74,3,2,3,1,1,1,1,1
2,9,2,0,1549.0,5,2,4,3,1,2,1,35,3,2,1,1,2,1,2,1
3,10,2,0,3949.0,1,2,1,3,3,1,2,37,3,2,1,2,1,1,2,1
4,10,2,1,2901.0,5,2,1,2,1,4,1,31,3,1,1,3,2,1,2,1
3,6,2,0,709.0,4,2,2,4,1,2,1,27,3,2,1,1,2,1,1,1
1,47,2,0,10722.0,1,2,1,2,1,1,1,35,3,2,1,2,2,2,2,1
4,10,2,0,1287.0,5,5,4,3,2,2,2,45,3,2,1,2,2,1,1,1
1,18,1,3,1940.0,1,2,3,3,2,4,4,36,1,3,1,4,2,2,2,1
3,30,4,3,3656.0,5,5,4,3,1,4,2,49,2,2,2,2,2,1,2,1
4,24,3,1,4679.0,1,4,3,3,1,3,3,35,3,2,2,2,2,2,2,1
4,27,3,1,8613.0,4,3,2,3,1,2,3,27,3,2,2,3,2,1,2,1
1,18,2,2,2659.0,4,3,4,3,1,2,3,28,3,2,1,3,2,1,2,1
4,24,4,3,1516.0,4,3,4,2,1,1,1,43,3,2,2,2,2,1,2,1
1,18,2,0,4380.0,2,3,3,3,1,4,3,35,3,2,1,2,1,2,2,1
4,14,3,0,802.0,1,3,4,3,1,2,3,27,3,2,2,2,2,1,2,1
4,21,2,9,1572.0,4,5,4,2,1,4,1,36,1,2,1,2,2,1,2,1
2,48,1,9,3566.0,2,4,4,3,1,2,3,30,3,2,1,3,2,1,2,1
4,24,2,3,1278.0,1,5,4,3,1,1,1,36,3,2,1,4,2,2,2,1
4,6,0,3,426.0,1,5,4,4,1,4,3,39,3,2,1,2,2,1,2,1
4,39,2,1,8588.0,2,5,4,3,1,2,3,45,3,2,1,4,2,2,2,1
1,30,2,1,3857.0,1,3,4,1,1,4,2,40,3,2,1,4,2,2,2,1
2,12,2,0,685.0,1,4,2,4,1,3,3,25,1,2,1,2,2,1,2,0
1,24,2,3,1603.0,1,5,4,2,1,4,3,55,3,2,1,3,2,1,2,1
4,21,2,2,2241.0,1,5,4,3,1,2,1,50,3,2,2,3,2,1,2,1
1,24,2,3,2384.0,1,5,4,3,1,4,1,64,1,1,1,2,2,1,2,1
4,6,2,2,601.0,1,2,1,2,1,3,1,23,3,1,1,2,1,1,2,1
4,39,2,1,2569.0,3,3,4,3,1,4,3,24,3,2,1,3,2,1,2,1
4,15,4,3,1316.0,3,3,2,4,1,2,2,47,3,2,2,2,2,1,2,1
4,60,2,0,10366.0,1,5,2,3,1,4,2,42,3,2,1,4,2,2,2,1
4,18,2,9,1568.0,2,3,3,2,1,4,2,24,3,1,1,2,2,1,2,1
4,18,4,3,629.0,3,5,4,3,1,3,2,32,1,2,2,4,2,2,2,1
4,6,1,3,1750.0,3,5,2,3,1,4,2,45,1,2,1,2,1,1,2,1
4,24,2,1,3488.0,2,4,3,2,1,4,3,23,3,2,1,3,2,1,2,1
4,18,4,3,1800.0,1,3,4,3,1,2,3,24,3,2,2,3,2,1,2,1
4,24,3,2,4151.0,2,3,2,3,1,3,2,35,3,2,2,3,2,1,2,1
2,15,2,5,2631.0,2,3,3,2,1,2,1,25,3,2,1,2,2,1,2,1
4,21,2,1,5248.0,5,3,1,3,1,3,3,26,3,2,1,3,2,1,2,1
2,18,3,0,2899.0,5,5,4,3,1,4,3,43,3,2,1,3,1,1,2,1
2,18,3,5,6204.0,1,3,2,3,1,4,1,44,3,2,1,2,1,2,2,1
4,12,2,3,804.0,1,5,4,3,1,4,3,38,3,2,1,3,2,1,2,1
4,36,2,3,3595.0,1,5,4,3,1,2,3,28,3,2,1,3,2,1,2,1
4,36,4,1,5711.0,4,5,4,3,1,2,3,38,3,2,2,4,2,2,2,1
3,15,2,9,2687.0,1,4,2,3,1,4,2,26,3,1,1,3,2,2,2,1
1,15,3,2,3643.0,1,5,1,2,1,4,2,27,3,2,2,2,2,1,2,1
4,10,4,2,2146.0,1,2,1,2,1,3,1,23,3,1,2,3,2,1,2,1
1,10,2,3,2315.0,1,5,3,3,1,4,1,52,3,2,1,2,2,1,2,1
4,6,2,9,3448.0,1,4,1,3,1,4,1,74,3,2,1,2,2,1,2,1
4,15,2,2,2708.0,1,2,2,3,1,3,2,27,1,2,2,2,2,1,2,1
4,11,4,0,1393.0,1,2,4,2,1,4,3,35,3,2,2,4,2,1,2,1
3,10,2,2,1275.0,1,2,4,2,1,2,2,23,3,2,1,3,2,1,2,1
4,9,2,2,1313.0,1,5,1,3,1,4,3,20,3,2,1,3,2,1,2,1
4,12,2,3,1493.0,1,2,4,2,1,3,3,34,3,2,1,3,1,1,2,1
4,22,2,3,2675.0,3,5,3,3,1,4,3,40,3,2,1,3,2,1,2,1
2,9,2,3,2118.0,1,3,2,3,1,2,1,37,3,2,1,2,1,1,2,1
4,36,2,0,909.0,3,5,4,3,1,4,2,36,3,2,1,3,2,1,2,1
4,12,4,2,1258.0,1,2,2,2,1,4,2,22,3,1,2,2,2,1,2,1
4,15,1,3,1569.0,2,5,4,3,1,4,3,34,1,2,1,2,1,1,2,1
4,6,2,1,1236.0,3,3,2,3,1,4,2,50,3,1,1,3,2,1,2,1
4,36,3,2,7678.0,3,4,2,2,1,4,3,40,3,2,2,3,2,2,2,1
4,6,2,5,660.0,3,4,2,4,1,4,1,23,3,1,1,2,2,1,2,1
4,24,2,2,2835.0,3,5,3,3,1,4,2,53,3,2,1,3,2,1,2,1
4,24,2,1,2670.0,1,5,4,3,1,4,3,35,3,2,1,4,2,2,2,1
4,12,1,Other,3447.0,3,3,4,2,1,3,1,35,3,2,1,2,1,1,2,1
4,15,2,3,3568.0,1,5,4,2,1,2,3,54,1,1,1,4,2,2,2,1
2,21,4,9,3652.0,1,4,2,3,1,3,2,27,3,2,2,3,2,1,2,1
1,24,2,3,3660.0,1,3,2,2,1,4,3,28,3,2,1,3,2,1,2,1
3,9,2,3,1126.0,2,5,2,1,1,4,1,49,3,2,1,3,2,1,2,1
3,6,3,3,683.0,1,2,2,2,1,1,2,29,1,2,1,3,2,1,2,1
3,12,2,2,2251.0,1,3,1,2,1,2,3,46,3,2,1,2,2,1,2,1
4,12,2,1,4675.0,5,2,1,2,1,4,3,20,3,1,1,3,2,1,2,1
2,21,3,0,2353.0,1,3,1,1,1,4,2,47,3,2,2,3,2,1,2,1
1,21,2,3,3357.0,4,2,4,2,1,2,3,29,1,2,1,3,2,1,2,1
4,6,2,0,672.0,1,1,1,2,1,4,1,54,3,2,1,1,2,2,2,1
1,6,4,3,425.83,3,5,4,3,1,4,3,52,3,2,2,3,2,1,2,1
4,9,2,3,2697.0,1,3,1,3,1,2,1,32,3,2,1,3,1,1,2,1
4,9,2,0,2507.0,3,5,2,3,1,4,4,51,3,3,1,2,2,1,2,1
4,15,3,3,1478.0,1,3,4,4,1,3,1,33,1,2,2,3,2,1,2,1
4,12,4,6,3565.0,5,2,2,3,1,1,2,37,3,2,2,2,1,1,2,1
4,15,2,2,2221.0,3,3,2,2,1,4,3,20,3,1,1,3,2,1,2,1
4,6,4,3,1898.0,5,3,1,3,1,2,1,34,3,2,2,2,1,1,2,1
2,6,3,9,1449.0,2,5,1,1,1,2,3,31,1,2,2,3,1,1,2,1
4,15,3,2,960.0,4,4,3,2,1,2,2,30,3,2,2,3,2,1,2,1
4,36,2,1,8133.0,1,3,1,2,1,2,2,30,1,2,1,3,2,1,2,1
4,9,2,2,2301.0,2,2,2,2,1,4,2,22,3,1,1,3,2,1,2,1
4,6,3,9,1743.0,2,3,1,3,1,2,1,34,3,2,2,2,2,1,2,1
2,12,2,2,983.0,4,2,1,2,1,4,1,19,3,1,1,2,2,1,2,1
4,18,3,3,2320.0,1,1,2,4,1,3,1,34,3,2,2,3,2,1,2,1
1,12,1,Other,425.83,1,5,4,4,1,1,3,45,1,2,1,2,2,1,2,1
3,24,2,3,5152.0,1,4,4,3,1,2,3,25,1,2,1,3,2,1,2,1
3,24,2,2,3749.0,1,2,2,2,1,4,3,26,3,2,1,3,2,1,2,1
4,9,4,3,3074.0,5,3,1,3,1,2,1,33,3,2,2,3,1,1,2,1
3,9,2,3,745.0,1,3,3,2,1,2,1,28,3,2,1,2,2,1,2,0
4,24,2,0,1469.0,2,5,4,4,1,4,1,41,3,1,1,2,2,1,2,1
1,6,2,2,1374.0,1,3,1,3,1,2,1,36,1,2,1,2,2,2,2,1
4,6,1,0,783.0,5,3,1,3,3,2,1,26,2,2,1,2,1,1,2,1
1,21,2,3,2606.0,1,2,4,2,1,4,2,28,3,1,1,4,2,2,2,1
4,54,0,1,9436.0,5,3,2,3,1,2,2,39,3,2,1,2,1,1,2,1
4,12,4,3,930.0,5,5,4,3,1,4,1,65,3,2,4,3,2,1,2,1
4,48,4,1,2751.0,5,5,4,3,1,3,3,38,3,2,2,3,1,2,2,1
4,6,4,0,425.83,4,3,2,2,1,2,1,41,1,2,2,2,2,1,2,1
2,24,2,0,1201.0,1,2,4,3,1,1,2,26,3,2,1,3,2,1,2,1
1,6,2,0,662.0,1,2,3,3,1,4,1,41,3,2,1,2,1,2,2,1
4,15,2,1,1300.0,5,5,4,3,1,4,4,45,1,3,1,3,1,1,2,1
4,24,1,9,1559.0,1,4,4,3,1,4,3,40,1,2,1,3,2,2,2,1
3,12,2,3,3016.0,1,3,3,4,1,1,3,24,3,2,1,3,2,1,2,1
4,15,4,3,1360.0,1,3,4,3,1,2,2,31,3,2,2,3,2,1,2,1
4,6,0,0,1204.0,2,3,4,3,1,1,4,35,1,1,1,3,2,1,1,1
4,10,2,0,1597.0,3,3,3,3,1,2,4,40,3,1,1,2,1,1,1,1
4,12,2,3,2073.0,2,3,4,2,2,2,1,28,3,2,1,3,2,1,2,1
4,11,2,9,2142.0,4,5,1,1,1,2,1,28,3,2,1,3,2,2,2,1
1,10,4,2,2132.0,5,2,2,2,2,3,1,27,3,1,2,3,2,1,1,1
4,10,2,0,1546.0,1,3,3,3,1,2,1,31,3,2,1,2,1,1,1,1
4,24,4,0,1287.0,4,5,4,2,1,4,1,37,3,2,2,3,2,2,2,1
4,10,2,0,1418.0,2,3,3,3,1,2,1,35,3,1,1,2,2,1,1,1
3,6,4,0,1343.0,1,5,1,3,1,4,1,46,3,2,2,3,1,1,1,1
4,18,2,0,2662.0,5,4,4,3,1,3,2,32,3,2,1,3,2,1,1,1
4,18,4,3,6070.0,1,5,3,3,1,4,3,33,3,2,2,3,2,2,2,1
4,24,4,6,1927.0,5,3,3,2,1,2,3,33,3,2,2,3,2,2,2,1
4,18,4,3,2404.0,1,3,2,2,1,2,3,26,3,2,2,3,2,1,2,1
4,6,4,3,1554.0,1,4,1,2,1,2,3,24,3,1,2,3,2,2,2,1
4,22,2,0,1283.0,5,4,4,2,1,4,2,25,3,1,1,3,2,1,2,1
4,24,3,0,717.0,5,5,4,4,1,4,3,54,3,2,2,3,2,2,2,1
1,24,2,2,1747.0,1,2,4,3,2,1,2,24,3,2,1,2,2,1,1,1
1,9,4,5,1288.0,2,5,3,3,3,4,1,48,3,2,2,3,1,1,1,1
1,10,4,0,1038.0,1,4,4,3,2,3,2,49,3,2,2,3,2,2,2,1
4,10,2,1,2848.0,2,3,1,3,2,2,1,32,3,2,1,3,1,1,2,1
4,12,2,1,1413.0,4,4,3,3,1,2,2,55,3,2,1,3,2,1,1,1
4,30,4,3,3077.0,5,5,3,3,1,2,3,40,3,2,2,3,1,2,2,1
1,24,1,1,3632.0,1,3,1,2,3,4,3,22,1,1,1,3,2,1,1,1
4,18,4,1,3229.0,5,1,2,3,1,4,4,38,3,2,1,4,2,2,2,1
4,9,2,0,3577.0,2,3,1,3,3,2,1,26,3,1,1,3,1,1,1,1
4,12,4,0,682.0,2,4,4,2,1,3,3,51,3,2,2,3,2,2,2,1
4,10,2,3,1924.0,1,3,1,3,1,4,2,38,3,2,1,3,2,2,1,1
4,10,2,6,727.0,3,5,4,3,1,4,4,46,3,3,1,3,2,2,2,1
3,10,4,0,781.0,1,5,4,3,1,4,4,63,3,3,2,3,2,2,2,1
1,12,4,0,2121.0,1,3,4,3,1,2,2,30,3,2,2,3,2,1,2,1
4,12,4,6,701.0,1,3,4,3,1,2,3,32,3,2,2,3,2,1,2,1
4,10,4,2,2069.0,5,3,2,4,1,1,3,26,3,2,2,3,2,1,1,1
4,24,2,0,1525.0,4,4,4,2,1,3,3,34,3,2,1,3,1,2,2,1
4,48,4,9,7629.0,5,5,4,1,1,2,3,46,1,2,2,4,1,1,2,1
1,12,4,0,3499.0,1,3,3,2,2,2,1,29,3,2,2,3,2,1,2,0
4,6,2,3,1346.0,2,5,2,3,1,4,4,42,1,3,1,3,1,2,2,1
4,36,4,1,10477.0,5,5,2,3,1,4,4,42,3,3,2,3,2,1,2,1
1,24,2,1,2924.0,1,3,3,3,3,4,4,63,1,2,1,3,1,2,2,1
4,10,4,0,1231.0,1,5,3,3,1,4,1,32,3,2,2,2,1,1,1,1
3,18,2,0,1961.0,1,5,3,2,1,2,3,23,3,2,1,4,2,1,2,1
4,15,4,0,5045.0,5,5,1,2,1,4,3,59,3,2,1,3,2,2,2,1
4,12,4,0,1255.0,1,5,4,3,1,4,1,61,3,2,2,2,2,1,2,1
1,12,2,2,1858.0,1,2,4,2,1,1,3,22,3,1,1,3,2,1,2,1
4,6,4,2,1221.0,5,3,1,4,1,2,2,27,3,2,2,3,2,1,2,1
4,9,2,2,1388.0,1,3,4,2,1,2,1,26,3,1,1,3,2,1,2,1
4,12,2,3,2279.0,5,3,4,3,1,4,4,37,3,3,1,3,2,2,2,1
4,12,0,2,2759.0,1,5,2,3,1,4,2,34,3,2,2,3,2,1,2,1
3,24,2,3,1258.0,3,3,3,2,1,3,3,57,3,2,1,2,2,1,2,1
2,12,0,Other,1410.0,1,3,2,3,1,2,1,31,3,2,1,2,2,2,2,1
1,15,2,0,1403.0,1,3,2,2,1,4,3,28,3,1,1,3,2,1,2,1
1,24,2,2,3021.0,1,3,2,1,1,2,1,24,3,1,1,2,2,1,2,1
1,24,2,9,6568.0,1,3,2,4,1,2,3,21,2,2,1,2,2,1,2,1
4,24,4,3,2578.0,4,5,2,3,1,2,3,34,3,2,1,3,2,1,2,1
2,24,4,1,7758.0,4,5,2,2,1,4,4,29,3,1,1,3,2,1,2,1
1,6,2,Other,425.83,1,2,4,2,1,1,1,27,3,2,1,3,2,1,2,1
4,21,3,2,1591.0,2,4,4,3,1,3,1,34,3,2,2,4,2,1,2,1
1,27,2,3,3416.0,1,3,3,3,1,2,3,27,3,2,1,4,2,1,2,1
1,12,0,5,1108.0,1,4,4,3,1,3,1,28,3,2,2,3,2,1,2,0
2,27,3,1,5965.0,1,5,1,3,1,2,3,30,3,2,2,4,2,2,2,1
2,15,2,5,1514.0,2,3,4,3,3,2,1,22,3,2,1,3,2,1,2,1
4,30,4,3,6742.0,5,4,2,3,1,3,2,36,3,2,2,3,2,1,2,1
1,18,2,2,3650.0,1,2,1,2,1,4,3,22,3,1,1,3,2,1,2,1
1,21,2,2,3599.0,1,4,1,2,1,4,3,26,3,1,1,2,2,1,2,1
4,60,4,0,13756.0,5,5,2,3,1,4,4,63,1,3,1,4,2,2,2,1
2,9,2,0,425.83,1,3,4,4,1,4,1,22,3,1,1,2,2,1,2,1
4,42,4,2,4041.0,3,3,4,3,1,4,1,36,3,2,2,3,2,2,2,1
2,9,2,3,458.0,1,3,4,3,1,3,1,24,3,2,1,3,2,1,2,1
2,9,2,2,918.0,1,3,4,2,1,1,2,30,3,2,1,3,2,1,2,0
4,24,2,0,7393.0,1,3,1,3,1,4,2,43,3,2,1,2,1,1,2,1
3,10,2,Other,1225.0,1,3,2,3,1,2,3,37,3,2,1,3,2,2,2,1
1,24,2,1,2812.0,5,5,2,2,1,4,1,26,3,1,1,3,2,1,2,1
4,15,2,1,3029.0,1,4,2,3,1,2,3,33,3,2,1,3,2,1,2,1
3,12,4,0,1480.0,3,1,2,3,1,4,4,66,1,3,3,1,2,1,2,1
3,6,4,6,1047.0,1,3,2,2,1,4,2,50,3,2,1,2,2,1,2,1
4,15,4,3,1471.0,1,3,4,3,1,4,4,35,3,3,2,3,2,2,2,1
4,24,2,2,5511.0,2,3,4,3,1,1,3,25,2,2,1,3,2,1,2,1
2,9,2,3,1206.0,1,5,4,2,1,4,1,25,3,2,1,3,2,1,2,1
2,24,3,3,6403.0,1,2,1,3,1,2,3,33,3,2,1,3,2,1,2,1
4,12,2,3,707.0,1,3,4,3,1,2,1,30,1,2,2,3,2,1,2,1
4,12,3,1,1503.0,1,3,4,4,1,4,1,41,3,1,1,3,2,1,2,1
2,12,2,0,6078.0,1,4,2,3,1,2,3,32,3,2,1,3,2,1,2,1
2,27,2,9,2528.0,1,2,4,2,1,1,2,32,3,2,1,3,1,2,2,1
2,12,2,9,1037.0,2,4,3,3,1,4,1,39,3,2,1,2,2,1,2,1
1,6,2,1,1352.0,3,1,1,2,1,2,2,23,3,1,1,1,2,2,2,1
4,24,2,3,3181.0,1,2,4,2,1,4,2,26,3,2,1,3,2,2,2,1
4,18,2,3,4594.0,1,2,3,3,1,2,3,32,3,2,1,3,2,2,2,1
2,48,2,Other,5381.0,5,1,3,3,1,4,4,40,1,3,1,1,2,2,2,1
4,15,2,1,4657.0,1,3,3,3,1,2,3,30,3,2,1,3,2,2,2,1
2,9,2,9,1391.0,1,3,2,4,1,1,1,27,1,2,1,3,2,2,2,1
2,18,2,9,1913.0,4,2,3,4,1,3,1,36,1,2,1,3,2,2,2,1
4,42,2,3,7166.0,5,4,2,4,1,4,2,29,3,1,1,3,2,2,2,1
4,13,2,3,1409.0,2,1,2,2,1,4,1,64,3,2,1,3,2,1,2,1
4,24,3,9,2978.0,5,3,4,3,1,4,1,32,3,2,2,3,1,2,2,1
4,12,4,3,976.0,5,5,4,3,1,4,3,35,3,2,2,3,2,1,2,1
4,24,3,9,2375.0,3,3,4,3,1,2,3,44,3,2,2,3,1,2,2,1
4,12,4,3,522.0,3,5,4,3,1,4,2,42,3,2,2,3,1,2,2,1
4,28,4,3,2743.0,1,5,4,3,1,2,3,29,3,2,2,3,2,1,2,1
4,11,4,3,1154.0,2,1,4,2,1,4,1,57,3,2,3,2,2,1,2,1
4,24,4,1,5804.0,4,3,4,3,1,2,1,27,3,2,2,3,2,1,2,1
4,18,4,3,1169.0,5,3,4,3,1,3,2,29,3,2,2,3,2,2,2,1
1,15,4,2,1478.0,1,5,4,3,1,4,3,44,3,2,2,3,1,2,2,1
4,12,2,3,776.0,1,3,4,4,1,2,1,28,3,2,1,3,2,1,2,1
2,11,4,0,1322.0,4,3,4,2,1,4,3,40,3,2,2,3,2,1,2,1
2,16,4,0,1175.0,1,1,2,3,1,3,3,68,3,3,3,1,2,2,2,1
4,12,2,0,2133.0,5,5,4,2,1,4,4,52,3,3,1,4,2,2,2,1
4,15,4,3,1829.0,1,5,4,3,1,4,3,46,3,2,2,3,2,2,2,1
4,12,4,3,717.0,1,5,4,3,1,4,1,52,3,2,3,3,2,1,2,1
2,39,3,6,11760.0,2,4,2,3,1,3,4,32,3,1,1,3,2,2,2,1
2,9,4,6,1501.0,1,5,2,2,1,3,3,34,3,2,2,4,2,2,2,0
1,12,2,6,1200.0,5,3,4,2,1,4,2,23,1,1,1,3,2,2,2,1
2,9,2,0,3195.0,5,3,1,2,1,2,1,33,3,2,1,2,2,1,2,1
4,30,4,3,4530.0,1,4,4,2,1,4,3,26,3,1,1,4,2,2,2,1
4,12,3,5,1555.0,4,5,4,3,1,4,4,55,3,3,2,3,1,1,2,0
2,15,4,9,2326.0,3,3,2,3,1,4,3,27,1,2,1,3,2,1,2,1
2,18,4,9,1887.0,5,3,4,4,1,4,1,28,1,2,2,3,2,1,2,1
4,12,4,9,1264.0,5,5,4,3,1,4,4,57,3,1,1,2,2,1,2,1
4,7,3,3,846.0,5,5,3,3,1,4,4,36,3,3,1,3,2,1,2,1
4,15,4,6,1532.0,2,3,4,2,1,3,3,31,3,2,1,3,2,1,2,1
4,6,3,3,935.0,1,3,3,2,1,2,1,24,3,2,1,3,2,1,2,1
1,27,4,9,2442.0,1,5,4,3,1,4,3,43,2,2,4,4,1,2,2,1
2,18,4,9,3590.0,1,1,3,4,1,3,3,40,3,2,3,1,1,2,2,1
4,21,4,2,2288.0,1,2,4,2,1,4,2,23,3,2,1,3,2,2,2,1
4,27,3,9,5117.0,1,4,3,3,1,4,3,26,3,2,2,3,2,1,2,1
1,39,4,2,14179.0,5,4,4,3,1,4,2,30,3,2,2,4,2,2,2,1
4,15,2,3,1386.0,5,3,4,4,1,2,1,40,3,1,1,3,2,2,2,1
4,12,4,3,618.0,1,5,4,3,1,4,1,56,3,2,1,3,2,1,2,1
4,12,2,2,1574.0,1,3,4,3,1,2,1,50,3,2,1,3,2,1,2,1
4,6,4,3,700.0,5,5,4,3,1,4,4,36,3,3,2,3,2,1,2,1
4,12,2,3,886.0,5,3,4,2,1,2,3,21,3,2,1,3,2,1,2,1
4,36,2,1,4686.0,1,3,2,3,1,2,4,32,3,3,1,4,2,2,2,1
2,9,2,3,790.0,3,3,4,2,1,3,1,66,3,2,1,2,2,1,2,1
2,12,2,3,766.0,3,3,4,3,1,3,1,66,3,2,1,2,2,1,2,0
1,20,2,2,2212.0,5,4,4,3,1,4,3,39,3,2,1,3,2,2,2,1
2,10,2,0,7308.0,1,1,2,3,1,4,4,70,1,3,1,4,2,2,2,1
2,24,4,6,5743.0,1,2,2,2,1,4,4,24,3,3,2,3,2,2,2,1
1,14,2,0,3973.0,1,1,1,3,1,4,4,22,3,3,1,3,2,1,2,1
2,60,3,3,7418.0,5,3,1,3,1,1,1,27,3,2,1,2,2,1,2,1
2,20,3,Other,2629.0,1,3,2,3,1,3,3,29,1,2,2,3,2,2,2,1
2,18,2,9,1941.0,4,3,4,3,1,2,2,35,3,2,1,2,2,2,2,1
2,24,3,2,2333.0,5,2,4,3,1,2,2,29,1,2,1,2,2,1,2,1
4,12,2,1,2445.0,5,2,2,4,1,4,3,26,3,1,1,3,2,2,2,1
2,20,2,1,6468.0,5,1,1,1,1,4,1,60,3,2,1,4,2,2,2,1
2,18,4,2,7374.0,1,1,4,3,1,4,2,40,2,2,2,4,2,2,2,1
4,15,2,1,3812.0,2,2,1,2,1,4,3,23,3,2,1,3,2,2,2,1
1,28,2,0,4006.0,1,3,3,3,1,2,3,45,3,2,1,2,2,1,2,0
2,12,2,0,7472.0,5,1,1,2,1,2,1,24,3,1,1,1,2,1,2,1
3,12,2,2,1424.0,5,5,3,2,1,4,1,55,3,2,1,4,2,2,2,1
2,12,2,1,2028.0,5,3,4,3,1,2,3,30,3,2,1,3,2,1,2,1
4,15,2,0,5324.0,3,5,1,2,1,4,4,35,3,3,1,3,2,1,2,1
2,36,2,3,2323.0,1,4,4,3,1,4,3,24,3,1,1,3,2,1,2,1
4,12,2,6,1393.0,1,5,4,3,1,4,2,47,1,2,3,3,1,2,2,1
4,18,2,2,1984.0,1,3,4,3,1,4,4,47,1,3,2,3,2,1,2,1
4,24,2,3,999.0,5,5,4,3,1,2,3,25,3,2,2,3,2,1,2,1
4,36,2,9,7409.0,5,5,3,3,1,2,2,37,3,2,2,3,2,1,2,1
4,15,2,2,2186.0,5,4,1,2,1,4,1,33,1,1,1,2,2,1,2,1
3,36,2,3,4473.0,1,5,4,3,1,2,3,31,3,2,1,3,2,1,2,1
4,24,2,Other,937.0,1,2,4,4,1,3,3,27,3,2,2,2,2,1,2,1
4,18,2,2,3422.0,1,5,4,3,1,4,2,47,1,2,3,3,1,2,2,1
4,24,2,3,3105.0,5,2,4,3,1,2,3,25,3,2,2,3,2,1,2,1
4,12,4,6,2748.0,1,5,2,2,1,4,4,57,1,3,3,2,2,1,2,1
2,18,2,5,3872.0,1,1,2,2,1,4,3,67,3,2,1,3,2,2,2,1
4,27,2,5,5190.0,5,5,4,3,1,4,2,48,3,2,4,3,1,2,2,1
2,18,2,2,3001.0,1,4,2,2,1,4,1,40,3,1,1,3,2,1,2,1
4,24,3,9,3863.0,1,3,1,3,1,2,4,32,3,3,1,3,2,1,2,1
4,12,4,2,5801.0,5,5,2,3,1,4,2,49,3,1,1,3,2,2,1,1
4,12,4,2,1592.0,4,4,3,2,1,2,2,35,3,2,1,3,2,1,2,1
4,12,4,9,1185.0,1,3,3,2,1,2,1,27,3,2,2,3,2,1,2,1
4,18,4,2,3780.0,1,2,3,1,1,2,3,35,3,2,2,4,2,2,2,1
2,18,4,2,3612.0,1,5,3,2,1,4,2,37,3,2,1,3,2,2,1,1
4,12,2,9,1076.0,1,3,2,4,1,2,1,26,3,2,1,3,2,2,2,1
4,12,2,0,3527.0,5,2,2,3,1,3,2,45,3,2,1,4,1,2,2,1
4,18,2,3,2051.0,1,2,4,3,1,1,1,33,3,2,1,3,2,1,2,1
4,12,4,2,3331.0,1,5,2,3,1,4,2,42,2,2,1,3,2,1,2,1
1,18,0,9,3104.0,1,4,3,3,1,1,2,31,1,2,1,3,2,2,2,1
4,24,4,3,2611.0,1,5,4,4,2,3,1,46,3,2,2,3,2,1,2,1
1,12,4,1,1409.0,1,5,4,3,1,3,1,54,3,2,1,3,2,1,2,1
4,24,2,3,1311.0,2,4,4,4,1,3,2,26,3,2,1,3,2,2,2,1
4,6,2,3,2108.0,1,4,2,4,1,2,1,29,3,1,1,3,2,1,2,1
4,24,4,1,4042.0,5,4,3,3,1,4,2,43,3,2,2,3,2,2,2,1
4,12,4,0,926.0,1,1,1,2,1,2,2,38,3,2,1,1,2,1,2,1
1,12,2,3,1680.0,3,5,3,4,1,1,1,35,3,2,1,3,2,1,2,1
4,24,2,0,1249.0,1,2,4,4,1,2,1,28,3,2,1,3,2,1,2,1
4,24,4,0,2463.0,2,4,4,4,1,3,2,27,3,2,2,3,2,2,2,1
4,6,2,3,1595.0,1,4,3,3,1,2,2,51,3,2,1,3,1,1,2,1
4,24,4,5,2058.0,1,3,4,1,1,2,1,33,3,2,2,3,2,2,2,1
4,24,2,1,7814.0,1,4,3,3,1,3,3,38,3,2,1,4,2,2,2,1
4,6,4,3,1740.0,1,5,2,4,1,2,1,30,3,1,2,3,2,1,2,1
4,12,4,3,1240.0,5,5,4,2,1,2,1,38,3,2,2,3,2,2,2,1
4,24,4,1,6842.0,5,3,2,3,1,4,2,46,3,2,2,4,1,2,2,1
4,24,4,2,5150.0,1,5,4,3,1,4,3,33,3,2,1,3,2,2,2,1
1,6,2,0,1203.0,2,5,3,3,1,2,2,43,3,2,1,3,2,2,2,1
4,6,4,0,2080.0,3,3,1,4,1,2,3,24,3,2,1,3,2,1,2,1
4,6,2,6,1538.0,1,2,1,2,1,2,4,56,3,2,1,3,2,1,2,1
2,24,4,0,3878.0,2,2,4,1,1,2,3,37,3,2,1,3,2,2,2,1
2,30,2,2,3832.0,1,2,2,4,1,1,2,22,3,2,1,3,2,1,2,1
4,15,2,0,3186.0,4,4,2,2,1,3,3,20,3,1,1,3,2,1,2,1
2,24,2,3,2896.0,2,2,2,3,1,1,3,29,3,2,1,3,2,1,2,1
2,24,3,9,6967.0,2,4,4,3,1,4,3,36,3,1,1,4,2,2,2,1
4,36,2,6,1819.0,1,3,4,3,1,4,4,37,2,3,1,3,2,2,2,0
4,24,2,3,5943.0,5,2,1,2,1,1,3,44,3,2,2,3,2,2,2,0
4,36,4,2,7127.0,1,2,2,2,1,4,2,23,3,1,2,3,2,2,2,0
4,36,2,2,3349.0,1,3,4,2,1,2,3,28,3,2,1,4,2,2,2,0
4,36,2,2,10974.0,1,1,4,2,1,2,3,26,3,2,2,4,2,2,2,0
4,6,2,3,518.0,1,3,3,2,1,1,1,29,3,2,1,3,2,1,2,1
4,18,2,3,1126.0,5,2,4,2,1,2,1,21,3,1,1,3,2,2,2,1
2,12,4,1,1860.0,1,1,4,3,1,2,3,34,3,2,2,4,2,2,2,1
4,36,4,3,9566.0,1,3,2,2,1,2,3,31,2,2,2,3,2,1,2,1
1,12,2,3,701.0,1,3,4,4,1,2,1,40,3,2,1,2,2,1,2,1
2,12,2,3,2930.0,1,4,2,2,1,1,1,27,3,2,1,3,2,1,2,1
4,18,2,3,1505.0,1,3,4,3,1,2,4,32,3,3,1,4,2,2,2,1
4,18,4,3,2238.0,1,3,2,2,1,1,3,25,3,2,2,3,2,1,2,1
4,6,4,3,1503.0,1,4,2,3,1,1,1,42,3,2,2,2,1,1,2,1
4,24,4,1,2197.0,5,4,4,3,1,4,3,43,3,2,2,3,1,2,2,1
3,12,2,3,1881.0,1,3,2,2,1,2,3,44,3,1,1,2,2,2,2,1
1,18,4,3,1880.0,1,4,4,4,1,1,2,32,3,2,2,4,2,2,2,1
1,18,2,3,2389.0,1,2,4,2,1,1,3,27,2,2,1,3,2,1,2,1
2,24,2,3,1967.0,1,5,4,2,1,4,3,20,3,2,1,3,2,2,2,1
4,6,4,0,3380.0,1,4,1,2,1,1,1,37,3,2,1,3,1,1,2,1
4,6,4,0,1455.0,1,4,2,3,1,1,1,42,3,2,3,2,1,1,2,1
4,7,4,3,730.0,5,5,4,3,1,2,2,46,3,1,2,2,2,2,2,1
2,18,0,2,3244.0,1,3,1,2,1,4,3,33,1,2,2,3,2,2,2,1
2,9,2,3,1670.0,1,2,4,2,1,2,3,22,3,2,1,3,2,2,2,0
2,48,2,3,3979.0,5,4,4,3,1,1,3,41,3,2,2,3,1,2,2,1
2,12,2,2,1922.0,1,3,4,3,1,2,2,37,3,2,1,2,2,1,2,0
2,18,4,2,1295.0,1,2,4,2,1,1,2,27,3,2,2,3,2,1,2,1
4,6,4,3,1544.0,1,4,2,3,1,1,1,42,3,2,3,2,1,1,2,1
2,8,2,9,907.0,1,2,3,4,1,2,1,26,3,2,1,3,2,2,2,1
2,30,2,3,1715.0,5,3,4,2,1,1,3,26,3,2,1,3,2,1,2,1
3,10,4,3,1347.0,5,4,4,3,1,2,2,27,3,2,2,3,2,2,2,1
2,12,2,0,1007.0,4,3,4,4,1,1,1,22,3,2,1,3,2,1,2,1
4,12,4,2,1402.0,3,4,3,2,1,4,3,37,3,1,1,3,2,2,2,1
2,12,2,0,2002.0,1,4,3,3,1,4,2,30,3,1,1,3,1,2,2,1
4,12,4,6,2096.0,1,4,2,3,1,3,1,49,3,2,1,2,1,1,2,1
4,12,2,0,1101.0,1,3,3,4,1,2,1,27,3,2,2,3,2,2,2,1
4,10,2,Other,894.0,5,4,4,2,1,3,2,40,3,2,1,3,2,2,2,1
2,11,2,2,1577.0,4,2,4,2,1,1,1,20,3,2,1,3,2,1,2,1
4,33,3,9,2764.0,1,3,2,2,1,2,3,26,3,2,2,3,2,2,2,1
2,48,0,0,8358.0,3,2,1,2,1,1,3,30,3,2,2,3,2,1,2,1
3,12,2,2,1474.0,1,2,4,2,1,1,2,33,1,2,1,4,2,2,2,1
4,24,2,1,5433.0,5,1,2,2,1,4,2,26,3,1,1,4,2,2,2,1
2,14,2,9,1410.0,3,5,1,4,1,2,1,35,3,2,1,3,2,2,2,1
4,20,4,0,3485.0,5,2,2,1,1,4,1,44,3,2,2,3,2,2,2,1
4,18,4,1,3850.0,1,4,3,3,1,1,3,27,3,2,2,3,2,1,2,1
2,60,2,0,7408.0,2,2,4,2,1,2,2,24,3,2,1,4,2,1,2,0
3,24,2,3,1377.0,2,5,4,2,1,2,4,47,3,3,1,3,2,2,2,1
4,30,3,9,4272.0,2,3,2,3,1,2,2,26,3,2,2,2,2,1,2,1
2,24,3,3,1553.0,2,4,3,2,1,2,2,23,3,1,2,3,2,2,2,1
2,36,3,9,9857.0,2,4,1,3,1,3,2,31,3,2,2,2,1,2,2,1
4,6,4,0,425.83,2,3,4,2,1,4,3,52,3,2,2,2,2,1,2,1
4,12,4,2,1935.0,1,5,4,3,1,4,1,43,3,2,3,3,2,2,2,1
4,48,2,3,10222.0,5,4,4,3,1,3,3,37,2,2,1,3,2,2,2,1
3,12,2,0,1330.0,1,2,4,3,1,1,1,26,3,2,1,3,2,1,2,1
4,36,2,6,9055.0,5,3,2,3,1,4,4,35,3,3,1,2,1,2,2,1
2,26,2,1,7966.0,1,2,2,3,1,3,3,30,3,2,2,3,2,1,2,1
2,30,1,2,3496.0,4,3,4,3,1,2,3,34,2,2,1,3,1,2,2,1
2,36,2,1,6948.0,1,3,2,3,1,2,3,35,3,1,1,4,2,2,2,1
2,48,0,9,12204.0,5,3,2,3,1,2,3,48,1,2,1,4,2,2,2,1
1,36,2,2,3446.0,1,5,4,3,1,2,3,42,3,2,1,3,1,1,2,0
1,12,2,6,684.0,1,3,4,3,1,4,3,40,3,1,1,2,1,1,2,0
1,33,4,2,4281.0,3,3,1,2,1,4,3,23,3,2,2,3,2,1,2,0
1,42,2,3,7174.0,5,4,4,2,1,3,3,30,3,2,1,4,2,2,2,0
1,24,1,3,1546.0,1,4,4,3,3,4,3,24,1,1,1,2,2,1,2,0
1,24,2,2,2359.0,2,1,1,1,1,1,2,33,3,2,1,3,2,1,2,0
4,24,2,3,3621.0,2,5,2,3,1,4,3,31,3,2,2,3,2,1,2,0
1,12,2,Other,741.0,2,1,4,2,1,3,2,22,3,2,1,3,2,1,2,0
1,12,2,2,7865.0,1,5,4,3,1,4,4,53,3,3,1,4,2,2,2,0
1,24,2,1,2910.0,1,4,2,3,1,1,4,34,3,3,1,4,2,2,2,1
1,18,4,0,5302.0,1,5,2,3,1,4,4,36,3,3,3,4,2,2,2,1
1,36,2,2,3620.0,1,3,1,3,3,2,2,37,3,2,1,3,1,1,2,1
1,18,2,3,3509.0,1,4,4,2,3,1,1,25,3,2,1,3,2,1,2,1
2,12,2,2,3017.0,1,2,3,2,1,1,1,34,3,1,1,4,2,1,2,1
1,12,2,2,1657.0,1,3,2,3,1,2,1,27,3,2,1,3,2,1,2,1
1,8,4,Other,1164.0,1,5,3,3,1,4,4,51,1,3,2,4,1,2,2,1
1,36,4,2,6229.0,1,2,4,2,2,4,4,23,3,1,2,2,2,2,2,0
1,24,1,0,1193.0,1,1,1,2,2,4,4,29,3,1,2,1,2,1,2,0
1,30,0,2,4583.0,1,3,2,1,3,2,1,32,3,2,2,3,2,1,2,1
1,36,4,2,5371.0,1,3,3,3,3,2,2,28,3,2,2,3,2,1,2,1
1,12,2,2,708.0,1,3,2,3,3,3,2,38,3,2,1,2,1,1,2,1
1,21,4,0,571.0,1,5,4,3,1,4,1,65,3,2,2,3,2,1,2,1
1,30,2,3,2522.0,1,5,1,3,3,3,2,39,3,2,1,3,1,1,2,1
1,36,2,2,5179.0,1,4,4,3,1,2,2,29,3,2,1,3,2,1,2,0
1,36,2,1,8229.0,1,3,2,3,1,2,2,26,3,2,1,3,1,1,2,0
4,24,4,2,2028.0,1,4,2,3,1,2,2,30,3,2,2,2,2,1,2,1
1,6,2,0,1374.0,5,1,4,2,1,3,2,75,3,2,1,4,2,2,2,1
1,12,2,2,1289.0,1,3,4,3,3,1,2,21,3,2,1,2,2,1,2,1
1,36,2,2,2712.0,1,5,2,3,1,2,2,41,1,2,1,3,1,1,2,0
1,15,4,2,975.0,1,3,2,1,1,3,2,25,3,2,2,3,2,1,2,1
2,6,3,2,1050.0,1,1,4,3,1,1,2,35,2,2,2,4,2,2,1,1
1,6,4,0,609.0,1,4,4,2,1,3,2,37,3,2,2,3,2,1,2,1
1,48,2,1,4788.0,1,4,4,3,1,3,2,26,3,2,1,3,1,1,2,1
2,24,2,2,3069.0,2,5,4,3,1,4,4,30,3,3,1,3,2,1,2,1
2,12,2,0,836.0,2,2,4,2,1,2,2,23,1,2,1,2,2,1,2,0
1,12,2,2,2577.0,1,3,2,1,1,1,3,42,3,2,1,3,2,1,2,1
1,12,2,2,1620.0,1,3,2,2,2,3,2,30,3,2,1,3,2,1,2,1
1,15,2,2,1845.0,1,2,4,2,3,1,2,46,3,1,1,3,2,1,2,1
1,24,2,1,6579.0,1,1,4,3,1,2,4,29,3,3,1,4,2,2,2,1
1,12,2,0,1893.0,1,3,4,2,3,4,2,29,3,2,1,3,2,2,2,1
1,30,4,1,10623.0,1,5,3,3,1,4,4,38,3,3,3,4,1,2,2,1
1,18,2,0,2249.0,2,4,4,3,1,3,3,30,3,2,1,4,1,2,2,1
1,30,2,2,3108.0,1,2,2,1,1,4,2,31,3,2,1,2,2,1,2,0
2,12,4,0,958.0,1,4,2,3,1,3,1,47,3,2,2,2,1,1,2,1
4,24,2,1,9277.0,5,3,2,1,1,4,4,48,3,3,1,3,2,2,2,1
4,24,4,Other,6314.0,1,1,4,3,2,2,4,27,1,2,2,4,2,2,2,1
1,12,4,1,1526.0,1,5,4,3,1,4,4,66,3,3,2,4,2,1,2,1
1,12,2,2,3590.0,1,3,2,3,2,2,2,29,3,2,1,2,1,1,2,1
1,24,4,1,6615.0,1,1,2,3,1,4,4,75,3,3,2,4,2,2,2,1
1,6,4,2,1872.0,1,1,4,3,1,4,4,36,3,3,3,4,2,2,2,1
4,12,2,0,2859.0,5,1,4,3,1,4,4,38,3,2,1,4,2,2,2,1
4,18,4,3,1582.0,4,5,4,3,1,4,3,46,3,2,2,3,2,1,2,1
4,6,2,Other,1238.0,5,1,4,3,1,4,2,36,3,2,1,4,1,2,2,1
1,12,2,2,2578.0,1,1,3,2,1,4,4,55,3,3,1,4,2,1,2,1
1,15,4,2,1433.0,1,3,4,2,1,3,2,25,3,1,2,3,2,1,2,1
1,42,2,2,7882.0,1,4,2,3,3,4,2,45,3,3,1,3,1,1,2,1
1,24,2,2,4169.0,1,3,4,3,1,4,2,28,3,2,1,3,2,1,2,1
1,36,2,2,3959.0,1,1,4,3,1,3,2,30,3,2,1,4,2,2,2,1
1,36,2,0,3249.0,1,4,2,3,1,4,4,39,1,3,1,4,1,2,2,1
1,24,2,2,3149.0,1,2,4,3,1,1,4,22,1,3,1,3,2,1,2,1
1,12,4,2,2246.0,1,5,3,3,1,3,2,60,3,2,2,3,2,1,2,0
1,13,4,9,1797.0,1,2,3,3,1,1,2,28,1,2,2,2,2,1,2,1
1,20,4,2,4272.0,1,5,1,2,1,4,2,24,3,2,2,3,2,1,2,1
1,24,4,1,2957.0,1,5,4,3,1,4,2,63,3,2,2,3,2,2,2,1
1,36,4,2,2348.0,1,3,3,4,1,2,2,46,3,2,2,3,2,2,2,1
3,42,0,9,6289.0,1,2,2,1,1,1,2,33,3,2,2,3,2,1,2,1
1,24,4,1,6419.0,1,5,2,2,1,4,4,44,3,3,2,4,1,2,2,1
1,48,4,1,6143.0,1,5,4,2,1,4,4,58,2,3,2,2,2,1,2,0
4,24,4,6,1597.0,1,5,4,3,1,4,4,54,3,3,2,3,1,1,2,1
1,36,2,Other,14180.39,1,1,2,1,2,3,3,43,3,2,1,4,2,1,2,1
4,24,4,3,2223.0,2,5,4,3,1,4,2,52,1,2,2,3,2,1,2,1
4,48,3,3,7238.0,5,5,3,3,1,3,3,32,1,2,2,3,1,1,2,1
2,30,3,9,2503.0,2,5,4,3,1,2,2,41,2,2,2,3,2,1,2,1
2,18,2,9,2622.0,2,3,4,3,1,4,3,34,3,2,1,3,2,1,2,1
2,24,2,2,4351.0,5,3,1,2,1,4,2,48,3,2,1,2,2,2,2,1
2,6,2,3,425.83,5,5,4,3,1,4,2,38,3,2,1,3,2,1,2,1
2,12,2,Other,754.0,5,5,4,3,1,4,2,38,3,2,2,3,2,1,2,1
4,24,4,3,2424.0,5,5,4,3,1,4,2,53,3,2,2,3,2,1,2,1
2,48,3,9,6681.0,5,3,4,3,1,4,4,38,3,3,1,3,1,2,2,1
2,18,3,9,2427.0,5,5,4,3,1,2,2,42,3,2,2,3,2,1,2,1
2,24,4,3,1216.0,2,2,4,3,1,4,4,38,1,2,2,3,1,1,2,0
2,6,2,3,753.0,1,3,2,2,3,3,1,64,3,2,1,3,2,1,2,1
2,7,2,3,2576.0,1,3,2,3,3,2,1,35,3,2,1,3,2,1,1,1
2,6,2,3,590.0,1,2,3,4,1,3,1,26,3,2,1,2,2,1,1,1
2,8,2,3,1414.0,1,3,4,3,3,2,1,33,3,2,1,3,2,1,1,1
2,12,2,3,1103.0,1,4,4,3,3,3,1,29,3,2,2,3,2,1,2,1
2,12,3,3,585.0,1,3,4,4,2,4,1,20,3,1,2,3,2,1,2,1
2,6,2,3,1068.0,1,5,4,3,1,4,3,28,3,2,1,3,1,1,2,1
1,8,4,0,713.0,1,5,4,3,1,4,1,47,3,2,2,2,2,1,2,1
2,12,2,3,1092.0,1,3,4,2,3,4,1,49,3,2,2,3,2,2,2,1
2,7,2,3,2329.0,1,2,1,2,3,1,1,45,3,2,1,3,2,1,2,1
2,13,4,3,882.0,1,2,4,3,3,4,1,23,3,2,2,3,2,1,2,1
2,18,2,3,866.0,1,3,4,4,3,2,1,25,3,2,1,2,2,1,2,1
2,7,2,3,2415.0,1,3,3,3,3,2,1,34,3,2,1,3,2,1,2,1
2,13,2,3,2101.0,1,2,2,2,3,4,2,23,3,2,1,2,2,1,2,1
2,18,2,3,1301.0,1,5,4,4,3,2,1,32,3,2,1,2,2,1,2,1
2,18,2,3,1113.0,1,3,4,2,3,4,1,26,3,2,1,2,1,1,2,1
2,8,2,3,760.0,1,4,4,2,3,2,1,44,3,2,1,2,2,1,2,1
2,12,2,3,625.0,1,2,4,4,3,1,1,26,1,2,1,2,2,1,2,1
3,6,4,0,1323.0,2,5,2,1,1,4,3,28,3,2,2,3,1,2,2,1
1,9,4,3,1138.0,1,3,4,3,1,4,1,25,3,2,2,2,2,1,2,1
2,18,4,3,1795.0,1,5,3,2,3,4,1,48,1,1,2,2,2,2,2,1
2,15,4,3,2728.0,5,4,4,3,3,2,1,35,1,2,3,3,2,2,2,1
2,6,2,3,484.0,1,4,3,4,3,3,1,28,1,2,1,2,2,1,2,1
2,10,1,3,1048.0,1,3,4,3,1,4,1,23,2,2,1,2,2,1,2,1
2,12,2,3,1155.0,1,5,3,4,3,3,1,40,1,2,2,2,2,1,2,1
2,20,3,1,7057.0,5,4,3,3,1,4,2,36,1,1,2,4,1,2,2,1
2,15,4,3,1537.0,5,5,4,3,3,4,1,50,3,2,2,3,2,2,2,1
1,12,2,3,2214.0,1,3,4,3,1,3,2,24,3,2,1,2,2,1,2,1
4,24,4,2,1585.0,1,4,4,3,1,3,2,40,3,2,2,3,2,1,2,1
2,10,2,2,1521.0,1,3,4,1,1,2,3,31,3,2,1,2,2,1,2,1
2,36,1,Other,3990.0,5,2,3,2,1,2,4,29,1,2,1,1,2,1,2,1
3,18,2,2,3049.0,1,2,1,2,1,1,2,45,2,2,1,2,2,1,2,1
1,24,2,3,1282.0,2,3,4,2,1,2,3,32,3,2,1,2,2,1,2,0
4,60,2,3,10144.0,2,4,2,2,1,4,1,21,3,2,1,3,2,2,2,1
1,12,2,0,1168.0,1,3,4,4,1,3,1,27,3,2,1,2,2,1,2,1
2,6,2,5,454.0,1,2,3,4,1,1,2,22,3,2,1,2,2,1,2,1
4,15,3,1,3594.0,1,2,1,2,1,2,2,46,3,2,2,2,2,1,2,1
4,12,2,2,1768.0,1,3,3,3,1,2,1,24,3,1,1,2,2,1,2,1
4,60,3,3,14180.39,1,4,2,3,1,4,3,21,3,2,2,3,2,2,2,1
3,12,3,0,2247.0,1,3,2,2,1,2,3,36,2,2,2,3,2,2,2,1
4,24,2,3,1413.0,1,3,4,4,1,2,2,28,3,2,1,3,2,1,2,1
2,45,4,1,4576.0,2,1,3,3,1,4,3,27,3,2,1,3,2,1,2,1
1,24,4,3,1231.0,4,5,4,2,1,4,2,57,3,1,2,4,2,2,2,1
1,36,2,1,8335.0,5,5,3,3,1,4,4,47,3,3,1,3,2,1,2,0
2,36,4,1,5800.0,1,3,3,3,1,4,3,34,3,2,2,3,2,2,2,1
1,18,3,6,8471.0,5,3,1,2,1,2,3,23,3,1,2,3,2,2,2,1
1,30,2,2,3622.0,4,5,4,2,1,4,2,57,3,1,2,3,2,2,2,1
1,6,4,3,1169.0,5,5,4,3,1,4,1,67,3,2,2,3,2,2,2,1
4,15,2,Other,1262.0,3,4,4,3,1,3,2,36,3,2,2,3,2,2,2,1
3,24,4,2,3617.0,5,5,4,3,2,4,4,20,3,1,2,3,2,1,2,1
2,30,4,0,2181.0,5,5,4,3,1,4,1,36,3,2,2,3,2,1,2,1
1,48,1,9,7685.0,1,4,2,2,3,4,3,37,3,1,1,3,2,1,2,0
4,48,4,6,6110.0,1,3,1,3,1,3,4,31,1,3,1,3,2,2,2,1
4,24,2,0,3757.0,1,5,4,2,2,4,4,62,3,3,1,3,2,2,2,1
1,42,4,5,3394.0,1,1,4,3,2,4,3,65,3,2,2,1,2,1,2,1
4,36,4,9,6304.0,5,5,4,3,1,4,1,36,3,2,2,3,2,1,2,1
4,9,4,6,1244.0,5,5,4,2,1,4,2,41,3,1,2,2,2,1,2,1
4,6,2,0,3518.0,1,3,2,3,3,3,2,26,3,1,1,3,2,1,2,1
4,36,0,5,2613.0,1,3,4,3,1,2,3,27,3,2,2,3,2,1,2,1
1,48,2,6,7476.0,1,4,4,3,1,1,4,50,3,3,1,4,2,2,2,1
4,24,2,9,4591.0,4,3,2,3,1,3,2,54,3,2,3,4,2,2,2,0
2,18,2,2,1924.0,5,2,4,2,1,3,1,27,3,1,1,3,2,1,2,0
2,60,2,3,5595.0,2,3,2,4,1,2,3,24,3,2,1,3,2,1,2,0
2,48,3,6,6224.0,1,5,4,3,1,4,4,50,3,3,1,3,2,1,2,0
3,15,2,6,1905.0,1,5,4,3,1,4,3,40,3,1,1,4,2,2,2,1
4,21,3,1,2993.0,1,3,3,3,1,2,1,28,2,2,2,2,2,1,2,1
4,36,3,1,8947.0,5,4,3,3,1,2,3,31,2,2,1,4,1,2,2,1
1,24,2,2,4020.0,1,3,2,3,1,2,3,27,2,2,1,3,2,1,2,1
2,18,2,1,2779.0,1,3,1,4,1,3,3,21,3,1,1,3,2,2,2,1
4,21,2,0,2782.0,3,4,1,2,1,2,3,31,1,2,1,4,2,1,2,1
4,12,2,0,1884.0,1,5,4,3,1,4,3,39,3,2,1,4,2,2,2,1
4,36,4,1,11054.0,5,3,4,3,1,2,3,30,3,2,1,4,2,2,2,1
2,60,3,3,9157.0,5,3,2,3,1,2,4,27,3,3,1,4,2,1,2,1
2,42,1,1,9283.0,1,1,1,3,1,2,4,55,1,3,1,4,2,2,2,1
4,60,2,0,6527.0,5,3,4,3,1,4,4,34,3,3,1,3,1,2,2,1
4,15,4,1,3368.0,4,5,3,3,1,4,4,23,3,1,2,3,2,2,2,1
1,15,2,0,2511.0,1,1,1,2,1,4,3,23,3,1,1,3,2,1,2,1
1,36,2,1,5493.0,1,5,2,3,1,4,4,42,3,3,1,3,1,1,2,1
4,6,2,Other,1338.0,3,3,1,1,1,4,1,62,3,2,1,3,2,1,2,1
2,9,2,3,1082.0,1,5,4,3,1,4,3,37,3,2,2,2,2,1,2,1
4,18,4,3,1149.0,4,3,4,3,1,3,1,46,3,2,2,3,2,1,2,1
2,15,2,5,1308.0,1,5,4,3,1,4,3,38,3,2,2,2,2,1,2,1
2,20,0,1,6148.0,2,5,3,4,1,4,3,31,1,2,2,3,2,2,2,1
4,12,2,2,1736.0,1,4,3,2,1,4,1,31,3,2,1,2,2,1,2,1
4,12,2,3,3059.0,4,4,2,1,1,4,1,61,3,2,1,2,2,1,2,1
1,24,2,2,2996.0,5,3,2,4,1,4,3,20,3,2,1,3,2,1,2,0
4,30,4,1,7596.0,5,5,1,3,1,4,3,63,3,2,2,3,2,1,2,1
4,30,2,1,4811.0,5,4,2,2,1,4,2,24,2,1,1,2,2,1,2,1
4,6,2,2,1766.0,1,3,1,4,1,2,2,21,3,1,1,3,2,1,2,1
2,24,2,1,2760.0,5,5,4,3,1,4,4,36,1,3,1,3,2,2,2,1
4,24,4,5,5507.0,1,5,3,3,1,4,4,44,3,3,2,3,2,1,2,1
2,9,2,6,1199.0,1,4,4,2,1,4,2,67,3,2,2,4,2,2,2,1
3,24,2,2,2892.0,1,5,3,1,1,4,4,51,3,3,1,3,2,1,2,1
2,36,3,0,2862.0,2,5,4,3,1,3,4,30,3,3,1,3,2,1,2,1
1,9,2,0,654.0,1,3,4,3,1,3,3,28,3,2,1,2,2,1,2,0
2,9,4,6,1136.0,4,5,4,3,1,3,4,32,3,3,2,3,1,1,2,0
2,24,2,1,4113.0,3,2,3,2,1,4,3,28,3,1,1,3,2,1,2,0
2,6,2,0,14180.39,5,1,1,3,1,2,2,23,3,2,1,1,2,2,2,0
1,15,0,0,950.0,1,5,4,3,1,3,3,33,3,1,2,3,1,1,2,0
1,24,4,0,1199.0,1,5,4,3,1,4,3,60,3,2,2,2,2,1,2,0
1,12,0,0,1082.0,1,3,4,3,1,4,3,48,1,2,2,3,2,1,2,0
2,30,2,0,2150.0,1,3,4,2,3,2,4,24,1,2,1,3,2,1,2,0
2,36,4,0,2820.0,1,2,4,1,1,4,3,27,3,2,2,3,2,1,2,0
2,48,2,3,3060.0,1,4,4,3,1,4,1,28,3,2,2,3,2,1,2,0
1,18,2,3,2600.0,1,3,4,3,1,4,4,65,3,3,2,3,2,1,2,0
4,21,0,0,5003.0,5,3,1,2,1,4,2,29,1,2,2,3,2,2,2,0
2,60,2,6,6288.0,1,3,4,3,1,4,4,42,3,3,1,3,2,1,2,0
4,24,3,0,2538.0,1,5,4,3,1,4,3,47,3,2,2,2,1,1,2,0
4,9,2,3,1478.0,1,4,4,3,1,2,3,22,3,2,1,3,2,1,2,0
2,39,4,3,4933.0,1,4,2,3,3,2,1,25,3,2,2,3,2,1,2,0
4,18,4,0,1530.0,1,3,3,3,1,2,2,32,1,2,2,3,2,1,2,0
2,9,1,0,1437.0,2,4,2,3,1,3,4,29,3,2,1,3,2,1,2,0
1,15,2,Other,1275.0,5,3,4,2,1,2,3,24,3,1,1,3,2,1,2,0
1,24,2,3,1823.0,1,1,4,3,1,2,3,30,2,2,1,4,1,1,2,0
1,9,2,0,1422.0,1,2,3,3,1,2,4,27,3,3,1,4,2,2,2,0
1,18,2,Other,1217.0,1,3,4,4,1,3,1,47,3,2,1,2,2,2,2,0
1,36,2,0,9271.0,1,4,2,3,1,1,3,24,3,2,1,3,2,2,2,0
1,36,3,9,2145.0,1,4,2,3,1,1,3,24,3,2,2,3,2,2,2,0
1,36,2,0,1842.0,1,2,4,2,1,4,3,34,3,2,1,3,2,2,2,0
2,18,3,2,4297.0,1,5,4,1,1,3,4,40,3,2,1,4,2,2,2,0
1,6,4,2,3384.0,1,3,1,1,1,4,1,44,3,1,1,4,2,2,2,0
2,18,4,3,1245.0,1,3,4,4,1,2,3,33,3,2,1,3,2,1,2,0
4,15,2,6,4623.0,2,3,3,3,1,2,2,40,3,2,1,4,2,2,2,0
2,30,4,2,8386.0,1,4,2,3,1,2,2,49,3,2,1,3,2,1,2,0
1,24,3,3,1024.0,1,2,4,4,1,4,1,48,2,2,1,3,2,1,2,0
2,36,2,0,14180.39,1,5,4,3,1,2,4,57,3,3,1,4,2,2,2,0
2,6,1,6,433.0,4,2,4,2,1,2,2,24,1,1,1,3,1,1,2,0
1,12,1,3,2149.0,1,3,4,1,1,1,4,29,3,3,1,3,2,1,2,0
4,24,2,3,2397.0,3,5,3,3,1,2,3,35,1,2,2,3,2,2,2,0
2,6,1,0,931.0,2,2,1,2,1,1,2,32,2,2,1,2,2,1,2,0
2,15,3,5,1512.0,4,3,3,4,1,3,2,61,2,2,2,3,2,1,2,0
2,24,0,9,4241.0,1,3,1,3,1,4,1,36,3,2,3,2,2,2,2,0
2,24,4,2,4736.0,1,2,2,2,1,4,3,25,1,2,1,2,2,1,2,0
2,15,0,0,1778.0,1,2,2,2,1,1,1,26,3,1,2,1,2,1,2,0
3,15,2,3,2327.0,1,2,2,2,1,3,1,25,3,2,1,2,2,1,2,0
1,24,1,2,6872.0,1,2,2,1,1,1,2,55,1,2,1,3,2,2,2,0
1,12,2,6,795.0,1,2,4,2,1,4,2,53,3,2,1,3,2,1,2,0
3,30,3,9,1908.0,1,5,4,3,1,4,1,66,3,2,1,4,2,2,2,0
2,36,0,9,1953.0,1,5,4,3,1,4,4,61,3,3,1,4,2,2,2,0
3,18,2,2,2864.0,1,3,2,3,1,1,1,34,3,2,1,2,1,1,2,0
3,21,4,6,2319.0,1,2,2,1,1,1,3,33,3,1,1,3,2,1,2,0
1,24,2,0,915.0,5,5,4,2,1,2,3,29,1,2,1,3,2,1,2,0
3,24,2,0,947.0,1,4,4,3,1,3,4,38,1,3,1,3,1,1,2,0
1,24,2,0,1381.0,5,3,4,2,1,2,2,35,3,2,1,3,2,1,2,0
1,24,2,0,1285.0,5,4,4,2,1,4,4,32,3,1,1,3,2,1,2,0
1,24,2,0,1371.0,5,3,4,2,1,4,1,25,3,1,1,3,2,1,2,0
2,18,2,0,1042.0,5,3,4,2,1,2,2,33,3,2,1,3,2,1,2,0
1,12,2,0,900.0,5,3,4,4,1,2,3,23,3,2,1,3,2,1,2,0
1,24,2,0,1207.0,1,2,4,2,1,4,2,24,3,1,1,3,2,1,2,0
2,18,0,0,2278.0,2,2,3,2,1,3,3,28,3,2,2,3,2,1,2,0
1,60,3,9,6836.0,1,5,3,3,1,4,4,63,3,2,2,3,2,2,2,0
1,24,2,2,3345.0,1,5,4,3,1,2,2,39,3,1,1,4,2,2,2,0
1,6,1,6,1198.0,1,5,4,2,1,4,4,35,3,3,1,3,2,1,2,0
2,48,2,9,14180.39,1,3,2,3,1,2,3,23,3,2,1,3,2,2,2,0
1,60,2,9,7297.0,1,5,4,3,2,4,4,36,3,1,1,3,2,1,2,0
4,18,2,5,1943.0,1,2,4,2,1,4,1,23,3,2,1,3,2,1,2,0
1,18,2,3,3190.0,1,3,2,2,1,2,1,24,3,2,1,3,2,1,2,0
2,9,1,1,5129.0,1,5,2,2,1,4,4,74,1,3,1,4,1,2,2,0
4,18,3,2,1808.0,1,4,4,2,1,1,1,22,3,2,1,3,2,1,2,0
3,10,2,0,1240.0,2,5,1,2,1,4,4,48,3,3,1,2,1,1,2,0
1,12,2,0,759.0,1,4,4,3,1,2,1,26,3,2,1,3,2,1,2,0
2,8,2,2,1237.0,1,3,3,2,1,4,1,24,3,2,1,3,2,1,2,0
4,9,2,2,1980.0,1,2,2,2,2,2,3,19,3,1,2,3,2,1,2,0
2,48,2,3,10961.0,4,4,1,3,2,2,4,27,1,2,2,3,2,2,2,0
1,36,3,6,6887.0,1,3,4,3,1,3,2,29,2,2,1,3,2,2,2,0
1,24,2,3,1938.0,1,2,4,1,1,3,2,32,3,2,1,3,2,1,2,0
1,21,2,3,1835.0,1,3,3,2,1,2,1,25,3,2,2,3,2,2,2,0
1,24,3,3,1659.0,1,2,4,2,1,2,3,29,3,1,1,2,2,2,2,0
2,6,3,0,1209.0,1,1,4,3,1,4,2,47,3,2,1,4,2,2,2,0
2,48,0,9,3844.0,2,4,4,3,1,4,4,34,3,3,1,2,1,1,2,0
1,12,4,0,4843.0,1,5,3,3,2,4,2,43,3,1,2,3,2,2,2,0
2,12,2,5,639.0,1,3,4,3,1,2,3,30,3,2,1,3,2,1,2,0
2,48,2,3,5951.0,1,3,2,2,1,2,1,22,3,2,1,3,2,1,2,0
2,36,0,3,3804.0,1,3,4,2,1,1,3,42,3,2,1,3,2,2,2,0
4,36,3,3,4463.0,1,3,4,3,1,2,3,26,3,2,2,4,2,2,2,0
4,36,3,9,7980.0,5,2,4,3,1,4,3,27,3,1,2,3,2,2,2,0
3,36,2,3,4210.0,1,3,4,3,1,2,3,26,3,2,1,3,2,1,2,0
4,6,2,2,4611.0,1,2,1,2,1,4,2,32,3,2,1,3,2,1,2,0
2,24,2,1,11560.0,1,3,1,2,1,4,3,23,3,1,2,4,2,1,2,0
4,18,0,9,4165.0,1,3,2,3,1,2,3,36,2,2,2,3,1,1,2,0
2,24,2,2,4057.0,1,4,3,1,1,3,3,43,3,2,1,3,2,2,2,0
4,18,1,0,6458.0,1,5,2,3,1,4,4,39,1,2,2,4,1,2,2,0
4,12,2,0,1386.0,3,3,2,2,1,2,2,26,3,2,1,3,2,1,2,0
1,36,2,6,1977.0,5,5,4,3,1,4,4,40,3,2,1,4,2,2,2,0
2,18,4,2,1928.0,1,2,2,3,1,2,1,31,3,2,2,2,2,1,2,0
4,12,2,2,1123.0,3,3,4,2,1,4,3,29,3,1,1,2,2,1,2,0
2,24,2,Other,11328.0,1,3,2,3,2,3,3,29,1,2,2,4,2,2,2,0
2,24,4,Other,11938.0,1,3,2,3,2,3,3,39,3,2,2,4,1,2,2,0
2,27,4,3,2520.0,3,3,4,3,1,2,2,23,3,2,2,2,2,1,2,0
2,30,3,3,1919.0,2,2,4,3,1,3,4,30,2,2,2,4,2,1,2,0
2,60,1,Other,14180.39,2,5,3,2,1,4,4,60,1,3,2,4,2,2,2,0
2,36,2,3,2671.0,2,3,4,2,2,4,4,50,3,3,1,3,2,1,2,0
2,36,2,6,12612.0,2,3,1,3,1,4,4,47,3,3,1,3,1,2,2,0
2,45,2,3,3031.0,2,3,4,3,3,4,2,21,3,1,1,3,2,1,2,0
1,12,1,3,626.0,1,3,4,2,1,4,1,24,1,2,1,2,2,1,2,0
2,24,4,9,1935.0,1,5,4,1,1,4,1,31,3,2,2,3,2,2,2,0
3,24,4,0,1344.0,5,4,4,3,1,2,1,37,1,2,2,2,1,1,2,0
4,18,2,2,1533.0,1,2,4,4,2,1,2,43,3,2,1,2,1,1,2,0
1,48,2,0,3931.0,1,4,4,3,1,4,4,46,3,3,1,3,1,1,2,0
1,24,1,2,3349.0,3,2,4,3,1,4,4,30,3,3,1,3,1,2,2,0
1,36,2,3,2302.0,1,3,4,1,1,4,3,31,3,1,1,3,2,1,2,0
1,42,2,3,3965.0,1,2,4,3,1,3,3,34,3,2,1,3,2,1,2,0
1,12,2,3,727.0,2,2,4,4,1,3,4,33,3,2,1,2,2,2,2,0
4,48,2,9,3914.0,5,3,4,1,1,2,1,38,1,2,1,3,2,1,2,0
1,48,2,9,4308.0,1,2,3,2,1,4,2,24,3,1,1,3,2,1,2,0
2,12,2,3,1534.0,1,2,1,4,1,1,1,23,3,1,1,3,2,1,2,0
4,18,4,0,2775.0,1,4,2,3,1,2,2,31,1,2,2,3,2,1,2,0
1,40,4,6,5998.0,1,3,4,3,1,3,4,27,1,2,1,3,2,2,2,0
3,15,4,3,1271.0,5,3,3,3,1,4,4,39,3,3,2,3,2,2,2,0
2,12,2,0,1295.0,1,2,3,2,1,1,3,25,3,1,1,3,2,1,2,0
2,36,2,1,9398.0,1,2,1,4,1,4,3,28,3,1,1,4,2,2,2,0
2,12,2,2,951.0,2,2,4,2,1,4,3,27,1,1,4,3,2,1,2,0
2,24,2,0,1355.0,1,2,3,2,1,4,3,25,3,2,1,2,2,2,2,0
1,48,2,Other,3051.0,1,3,3,3,1,4,3,54,3,2,1,3,2,1,2,0
4,36,4,0,7855.0,1,3,4,2,1,2,1,25,2,2,2,3,2,2,2,0
4,18,2,3,433.0,1,1,3,2,2,4,1,22,3,1,1,3,2,1,2,0
4,36,3,9,9572.0,1,2,1,1,1,1,3,28,3,2,2,3,2,1,2,0
2,24,1,6,1837.0,1,4,4,2,1,4,4,34,1,3,1,2,2,1,2,0
2,30,4,0,4249.0,1,1,4,4,1,2,3,28,3,2,2,4,2,1,2,0
2,30,4,0,5234.0,1,1,4,4,1,2,3,28,3,2,2,4,2,1,2,0
1,48,2,3,6758.0,1,3,3,2,1,2,3,31,3,2,1,3,2,2,2,0
1,9,2,3,1366.0,1,2,3,2,1,4,2,22,3,1,1,3,2,1,2,0
1,24,1,Other,1358.0,5,5,4,3,1,3,3,40,2,2,1,4,2,2,2,0
1,18,2,2,2473.0,1,1,4,3,1,1,3,25,3,2,1,1,2,1,2,0
3,9,0,3,1337.0,1,2,4,3,1,2,3,34,3,2,2,4,2,2,2,0
1,48,2,0,7763.0,1,5,4,3,1,4,4,42,1,3,1,4,2,1,2,0
2,15,1,0,1264.0,2,3,2,4,1,2,2,25,3,1,1,3,2,1,2,0
2,15,2,0,2631.0,2,3,2,2,1,4,3,28,3,1,2,3,2,2,2,0
2,48,2,0,6560.0,2,4,3,3,1,2,2,24,3,2,1,3,2,1,2,0
1,24,2,0,3123.0,1,2,4,2,1,1,2,27,3,2,1,3,2,1,2,0
1,36,4,6,8065.0,1,3,3,2,1,2,4,25,3,2,2,4,2,2,2,0
1,24,2,3,2439.0,1,2,4,2,1,4,1,35,3,2,1,3,2,2,2,0
2,36,2,2,9034.0,2,2,4,3,2,1,4,29,3,1,1,4,2,2,2,0
2,60,2,0,14027.0,1,4,4,3,1,2,4,27,3,2,1,4,2,2,2,0
1,36,4,1,9629.0,1,4,4,3,1,4,3,24,3,2,2,3,2,2,2,0
2,12,2,3,1484.0,5,3,2,4,1,1,1,25,3,2,1,3,2,2,2,0
1,18,2,2,1131.0,1,1,4,2,1,2,3,33,3,2,1,3,2,1,2,0
2,24,3,2,2064.0,1,1,3,2,1,2,2,34,3,2,1,4,2,2,2,0
2,18,2,1,12976.0,1,1,3,2,1,4,4,38,3,3,1,4,2,2,2,0
4,21,3,9,2580.0,3,2,4,3,1,2,1,41,1,2,1,2,1,1,2,0
4,27,2,0,2570.0,1,3,3,2,1,3,1,21,3,1,1,3,2,1,2,0
2,27,2,9,3915.0,1,3,4,3,1,2,3,36,3,2,1,3,1,2,2,0
4,10,2,0,1309.0,5,3,4,3,3,4,2,27,3,2,1,2,2,1,2,0
1,24,2,0,4817.0,1,4,2,3,2,3,2,31,3,2,1,3,2,2,2,0
1,12,2,0,2579.0,1,2,4,3,1,1,1,33,3,2,1,2,1,1,2,0
2,36,3,0,2225.0,1,5,4,3,1,4,4,57,1,3,2,3,2,2,2,0
1,18,2,2,4153.0,1,3,2,3,2,3,3,42,3,2,1,3,2,1,2,0
1,18,0,2,3114.0,1,2,1,2,1,4,2,26,3,1,1,3,2,1,2,0
1,18,4,2,2124.0,1,3,4,2,1,4,1,24,3,1,2,3,2,1,2,0
1,18,1,2,1553.0,1,3,4,3,1,3,3,44,1,2,1,3,2,1,2,0
1,30,2,2,2406.0,1,4,4,2,1,4,1,23,3,1,1,3,2,1,2,0
1,24,3,0,1333.0,1,1,4,3,1,2,1,43,3,3,2,3,1,1,2,0
1,48,0,2,7119.0,1,3,3,3,1,4,4,53,3,3,2,3,1,1,2,0
1,24,3,0,4870.0,1,3,3,3,1,4,4,53,3,3,2,3,1,1,2,0
1,12,4,0,691.0,1,5,4,3,1,3,2,35,3,2,2,3,2,1,2,0
1,42,3,3,4370.0,1,4,3,3,1,2,2,26,1,2,2,3,1,2,2,0
1,36,1,2,2746.0,1,5,4,3,1,4,3,31,1,2,1,3,2,1,2,0
1,24,0,2,4110.0,1,5,3,3,1,4,4,23,1,1,2,3,1,1,2,0
1,18,2,2,2462.0,1,3,2,3,1,2,3,22,3,2,1,3,2,1,2,0
1,12,2,2,1282.0,1,3,2,2,1,4,3,20,3,1,1,3,2,1,2,0
2,12,0,2,2969.0,1,2,4,2,1,3,2,25,3,1,2,3,2,1,2,0
1,48,0,1,4605.0,1,5,3,3,1,4,4,24,3,3,2,3,1,1,2,0
1,48,4,1,6331.0,1,5,4,3,1,4,4,46,3,3,2,3,2,2,2,0
1,24,1,2,3552.0,1,4,3,3,1,4,3,27,1,2,1,3,2,1,2,0
1,12,1,0,697.0,1,2,4,3,1,2,3,46,1,2,2,3,2,2,2,0
1,24,2,0,1442.0,1,4,4,2,1,4,3,23,3,1,2,3,2,1,2,0
1,27,0,9,5293.0,1,1,2,3,1,4,2,50,3,2,2,3,2,2,2,0
1,21,3,6,3414.0,1,2,2,3,1,1,2,26,2,2,2,3,2,1,2,0
1,18,2,2,2039.0,1,3,1,2,1,4,1,20,3,1,1,3,2,1,2,0
1,24,1,9,3161.0,1,3,4,3,1,2,2,31,1,1,1,3,2,2,2,0
1,12,2,Other,902.0,1,4,4,4,1,4,2,21,3,1,1,3,2,1,2,0
1,48,2,1,10297.0,1,4,4,3,1,4,4,39,3,3,3,3,1,2,2,0
2,48,0,9,14180.39,1,3,2,3,1,2,3,25,2,2,1,3,2,2,2,0
2,18,4,0,1056.0,1,5,3,3,3,3,1,30,3,2,2,3,2,1,2,0
1,12,2,0,1274.0,1,2,3,2,1,1,1,37,1,2,1,2,2,1,2,0
2,12,2,0,1223.0,1,5,1,1,1,1,1,46,3,1,2,3,2,1,2,0
1,12,2,0,1372.0,1,4,2,1,1,3,3,36,3,2,1,3,2,1,2,0
1,16,4,0,2625.0,1,5,2,3,3,4,2,43,3,1,1,3,2,2,1,0
1,20,4,0,2235.0,1,3,4,4,3,2,2,33,1,1,2,3,2,1,1,0
2,9,2,2,959.0,1,3,1,2,1,2,3,29,1,2,1,3,2,1,2,0
2,18,4,0,884.0,1,5,4,3,1,4,3,36,3,2,1,3,1,2,2,0
2,24,2,0,1246.0,1,2,4,3,1,2,1,23,1,2,1,2,2,1,2,0
2,36,3,0,8086.0,2,5,2,3,1,4,3,42,2,2,4,4,2,2,2,0
4,48,4,0,10127.0,3,3,2,3,1,2,4,44,3,3,1,3,2,1,2,0
2,12,2,0,888.0,1,5,4,3,1,4,3,41,1,2,1,2,1,1,2,0
4,12,2,6,719.0,1,5,4,3,1,4,3,41,1,2,1,2,1,1,2,0
2,36,2,0,12389.0,5,3,1,3,1,4,4,37,1,3,1,3,2,2,2,0
1,12,2,3,709.0,1,5,4,3,1,4,1,57,3,2,1,2,2,1,2,0
2,15,1,0,6850.0,2,1,1,3,1,2,2,34,2,2,1,4,1,2,2,0
4,10,2,2,2210.0,1,3,2,3,1,2,1,25,3,1,1,2,2,1,2,0
4,30,1,1,7485.0,5,1,4,2,1,1,1,53,1,2,1,4,2,2,2,0
1,18,1,0,1442.0,1,4,4,3,1,4,4,32,1,3,2,2,1,1,2,0
4,12,4,3,797.0,5,5,4,2,1,3,2,33,3,2,1,2,1,1,2,0
2,45,4,3,4746.0,1,2,4,3,1,2,2,24,1,2,2,2,2,1,2,0
3,12,4,0,939.0,3,4,4,4,1,2,1,28,3,2,3,3,2,2,2,0
2,21,2,9,1188.0,1,5,2,2,1,4,2,39,3,2,1,3,1,1,2,0
4,48,4,1,11590.0,2,3,2,2,1,4,3,24,3,1,2,2,2,1,2,0
3,12,1,9,609.0,1,2,4,2,1,1,1,26,1,2,1,1,2,1,2,0
1,18,4,5,1190.0,1,1,2,2,1,4,4,55,3,3,3,1,1,1,2,0
2,21,2,9,2767.0,2,5,4,1,1,2,3,61,3,1,2,2,2,1,2,0
2,30,2,2,3441.0,2,3,2,2,2,4,3,21,1,1,1,3,2,1,2,0
2,30,0,9,4280.0,2,3,4,2,1,4,3,26,3,1,2,2,2,1,2,0
2,24,2,3,3092.0,2,2,3,4,1,2,3,22,3,1,1,3,2,2,2,0
4,18,2,0,6761.0,5,3,2,3,1,4,3,68,2,1,2,3,2,1,2,0
2,12,2,3,1331.0,1,2,2,3,1,1,3,22,3,2,1,3,2,1,2,0
2,54,0,9,14180.39,1,2,3,3,1,4,4,58,3,1,1,3,2,2,2,0
1,24,2,2,3234.0,1,2,4,2,1,4,1,23,3,1,1,2,2,2,2,0
2,15,2,3,802.0,1,5,4,3,1,3,3,37,3,2,1,3,1,1,2,0
2,48,2,2,9960.0,1,2,1,2,1,2,3,26,1,2,1,3,2,2,2,0
4,24,3,9,8648.0,1,2,2,3,1,2,3,27,1,2,2,3,2,2,2,0
1,18,2,3,1345.0,1,3,4,4,1,3,1,26,3,2,1,3,2,1,2,0
1,45,2,3,1845.0,1,3,4,3,1,4,4,23,3,3,1,3,2,2,2,0
1,21,1,0,1647.0,5,3,4,3,1,2,2,40,1,2,2,2,1,1,2,0
4,48,2,9,4844.0,1,1,3,3,1,2,3,33,3,1,1,4,2,2,2,0
2,27,0,9,8318.0,1,5,2,2,1,4,4,42,2,3,2,4,2,2,2,0
3,18,2,3,2100.0,1,3,4,3,2,2,1,37,3,2,1,3,2,1,2,0
1,45,0,9,11816.0,1,5,2,3,1,4,3,29,3,1,2,3,2,1,2,0
1,6,2,6,448.0,1,2,4,2,1,4,2,23,3,2,1,3,2,1,2,0
1,30,2,5,11998.0,1,2,1,1,1,1,4,34,1,2,1,2,2,2,2,0
2,48,0,Other,14180.39,1,3,1,2,1,2,2,32,1,2,1,4,2,2,1,0
1,6,2,0,14180.39,1,5,1,3,1,4,4,68,1,2,1,4,2,2,2,0
2,12,2,2,2762.0,5,5,1,2,1,2,2,25,3,2,1,3,2,2,2,0
1,12,2,1,3386.0,1,5,3,3,1,4,4,35,3,3,1,3,2,2,2,0
2,24,2,3,2039.0,1,2,1,4,1,1,2,22,3,2,1,3,2,2,2,0
4,18,3,9,2169.0,1,3,4,4,1,2,3,28,3,2,1,3,2,2,2,0
2,48,4,2,5096.0,1,3,2,2,1,3,3,30,3,2,1,4,2,2,2,0
1,18,2,3,1882.0,1,3,4,2,1,4,3,25,1,1,2,3,2,1,2,0
1,48,2,3,6999.0,1,4,1,4,3,1,1,34,3,2,2,3,2,2,2,0
4,12,4,9,2292.0,1,1,4,3,1,2,3,42,2,2,2,4,2,2,2,0
1,14,2,0,8978.0,1,5,1,1,1,4,2,45,3,2,1,4,2,2,1,0
1,12,2,3,674.0,2,4,4,4,1,1,2,20,3,2,1,3,2,1,2,0
1,18,2,0,976.0,1,2,1,2,1,2,3,23,3,2,1,2,2,1,2,0
2,24,2,0,2718.0,1,3,3,2,1,4,2,20,3,1,1,2,2,2,2,0
1,18,2,6,750.0,1,1,4,2,1,1,1,27,3,2,1,1,2,1,2,0
2,24,2,1,12579.0,1,5,4,2,1,2,4,44,3,3,1,4,2,2,2,0
1,18,2,1,7511.0,5,5,1,3,1,4,2,51,3,3,1,3,1,2,2,0
1,18,4,0,3966.0,1,5,1,2,1,4,1,33,1,1,3,3,2,2,2,0
1,12,0,3,6199.0,1,3,4,3,1,2,2,28,3,1,2,3,2,2,2,0
1,24,2,3,1987.0,1,3,2,3,1,4,1,21,3,1,1,2,1,1,2,0
1,24,2,0,2303.0,1,5,4,3,2,1,1,45,3,2,1,3,2,1,2,0
4,21,4,0,12680.0,5,5,4,3,1,4,4,30,3,3,1,4,2,2,2,0
2,12,2,3,6468.0,5,1,2,3,1,1,4,52,3,2,1,4,2,2,2,0
1,30,2,2,6350.0,5,5,4,3,1,4,2,31,3,2,1,3,2,1,2,0
