checking_account_status,credit_history,purpose,savings_account,employment_since,personal_status_sex,other_debtors,property,other_installment_plans,housing,job,telephone,foreign_worker,target,target
1,4,2,1,2,2,1,2,3,1,3,1,2,1,1
1,4,0,1,3,3,1,1,3,1,3,1,2,1,1
2,2,9,2,4,2,1,1,3,1,2,1,2,1,1
1,4,0,1,3,3,1,1,3,1,2,1,1,1,1
1,4,0,1,3,3,1,2,1,2,2,1,1,1,1
1,4,0,1,2,3,1,1,3,1,2,1,1,1,1
1,4,0,1,4,3,1,1,3,2,2,1,1,1,1
1,4,0,1,2,3,1,1,3,2,2,1,1,1,1
4,4,3,1,1,2,1,3,3,2,1,1,2,1,1
2,2,3,3,1,2,1,4,3,1,1,1,2,1,1
1,4,0,1,3,3,1,1,3,1,3,1,2,1,1
1,4,1,2,4,4,1,3,3,1,3,1,2,1,1
1,4,3,1,4,2,1,3,3,2,3,1,2,1,1
2,3,Other,2,1,3,1,4,3,2,4,2,2,1,1
1,2,3,5,4,4,1,3,3,1,2,1,2,1,1
1,2,3,3,3,3,1,1,3,1,3,1,2,1,1
1,4,0,1,3,3,1,1,3,2,2,1,2,1,1
2,2,3,3,2,4,1,1,3,1,3,1,2,1,1
2,4,3,1,5,3,1,1,3,2,3,1,2,1,1
4,4,0,1,3,3,1,2,3,2,2,1,2,1,1
1,4,0,1,3,3,1,1,3,1,3,1,2,1,1
2,4,0,1,2,3,1,1,1,2,2,1,2,1,1
2,2,5,1,2,3,1,4,3,1,2,1,2,0,0
2,4,Other,1,4,3,1,2,3,2,3,1,2,1,1
1,4,0,5,2,3,1,1,3,2,2,1,2,1,1
2,3,3,1,4,3,1,2,3,2,3,1,2,1,1
1,2,2,1,5,2,1,2,3,1,3,1,2,1,1
2,4,3,1,5,3,1,1,3,2,2,1,2,1,1
4,2,0,5,3,3,1,4,3,2,3,1,2,1,1
3,4,1,1,5,3,1,4,3,3,3,1,2,1,1
3,4,3,1,5,3,1,2,3,2,3,1,2,1,1
4,4,0,1,4,3,1,3,3,2,3,2,2,1,1
4,4,0,1,5,3,1,3,3,2,4,2,2,1,1
4,2,3,3,4,2,1,3,3,2,3,1,2,1,1
1,2,0,1,2,3,1,1,3,2,3,1,2,1,1
1,4,0,1,5,2,1,4,3,2,3,2,2,1,1
4,4,0,1,5,3,1,1,3,2,2,1,2,1,1
4,4,3,1,5,3,1,4,3,2,3,1,2,1,1
4,2,1,5,3,3,1,2,3,2,3,2,2,1,1
4,4,1,1,5,2,1,3,3,1,4,2,2,1,1
4,4,5,5,4,2,1,1,3,2,3,1,2,1,1
1,2,Other,1,5,2,3,1,3,2,2,2,2,1,1
4,4,0,1,3,2,1,1,3,2,3,1,2,1,1
2,4,9,5,4,3,1,4,3,2,3,2,2,1,1
2,2,6,5,3,3,1,4,3,3,3,1,2,1,1
1,2,0,1,2,2,1,3,3,1,3,2,2,0,0
4,2,9,1,4,3,1,1,3,2,3,2,2,1,1
4,4,6,2,3,2,1,1,3,2,3,1,2,0,0
4,2,0,2,2,4,1,1,3,2,3,2,2,1,1
1,4,9,2,4,3,1,1,3,2,3,2,2,1,1
4,2,0,1,3,1,1,1,3,2,2,1,2,1,1
3,2,3,1,3,3,1,1,3,2,3,2,2,1,1
4,4,0,1,3,3,1,1,3,2,3,1,2,1,1
4,4,3,5,5,3,2,1,3,2,3,2,2,1,1
4,2,1,5,5,3,1,3,3,2,4,2,2,1,1
1,4,3,1,4,2,1,1,3,2,2,2,2,1,1
4,4,3,1,5,3,1,1,3,2,2,2,2,1,1
1,2,3,1,2,4,1,1,3,2,3,1,1,1,1
4,2,3,5,5,3,1,2,3,2,3,2,2,1,1
4,2,0,5,3,3,1,1,3,2,3,1,2,1,1
4,4,0,3,3,3,1,1,3,2,3,2,2,1,1
4,2,1,1,2,2,1,4,3,2,4,2,2,1,1
4,4,3,5,5,3,1,1,3,2,3,2,2,1,1
4,3,0,1,5,3,1,3,3,2,3,2,2,1,1
1,3,0,1,3,3,1,1,3,2,2,1,2,1,1
4,4,3,2,3,2,1,2,3,2,3,1,2,1,1
4,2,3,1,3,3,1,3,3,2,3,2,2,1,1
4,2,3,1,4,3,1,3,3,2,3,2,2,1,1
2,2,3,1,3,2,1,3,3,2,3,2,2,1,1
4,3,0,1,5,3,1,4,3,3,3,2,2,1,1
2,4,2,4,4,3,1,3,3,2,3,2,2,1,1
4,2,3,5,5,3,1,3,3,2,3,2,2,1,1
4,2,3,3,5,3,1,3,3,2,3,1,2,1,1
4,2,2,5,4,3,1,3,2,2,3,2,2,1,1
3,2,3,5,5,3,1,3,3,2,4,1,2,1,1
2,2,2,5,4,3,1,3,3,2,3,2,2,1,1
4,4,1,1,5,3,1,3,3,2,4,2,2,1,1
4,4,0,4,5,3,1,1,3,2,3,2,2,1,1
1,4,0,1,5,4,1,3,3,2,3,2,2,1,1
4,2,3,5,5,3,1,3,3,2,3,1,2,1,1
4,4,0,1,3,2,1,3,3,2,3,2,2,1,1
4,4,3,5,5,3,1,3,3,2,3,2,2,1,1
2,2,0,2,3,3,1,3,3,2,3,2,2,1,1
3,4,1,3,3,3,1,3,3,2,3,2,2,1,1
4,4,2,5,5,3,1,2,3,2,3,1,2,1,1
1,2,0,4,3,3,1,2,3,2,3,1,2,1,1
4,4,1,1,4,3,1,3,3,2,3,2,2,1,1
4,3,3,1,3,2,1,1,3,2,3,1,2,1,1
1,4,0,4,4,2,1,1,3,2,2,2,2,1,1
2,3,0,5,3,2,1,3,3,1,3,2,2,1,1
2,4,0,2,2,3,1,3,3,2,3,1,2,1,1
2,2,3,5,5,2,1,3,3,2,3,1,2,1,1
2,0,9,1,3,2,1,3,3,2,3,1,2,1,1
1,2,3,1,4,3,1,1,3,2,3,1,2,1,1
2,4,2,1,5,3,1,4,3,2,3,2,2,1,1
4,4,2,4,2,3,1,1,2,2,2,2,2,1,1
2,4,3,1,3,2,1,1,3,2,2,1,2,1,1
2,3,9,1,3,1,1,1,2,2,4,2,2,0,0
1,2,2,1,3,3,1,1,3,2,3,1,2,1,1
2,4,9,1,4,2,1,1,1,2,2,1,2,1,1
4,4,2,4,3,3,1,1,3,2,3,2,2,1,1
1,2,9,1,3,2,1,2,3,2,2,1,2,1,1
2,3,9,5,3,3,1,2,1,2,4,2,2,1,1
2,3,0,1,3,2,1,2,3,1,3,1,2,1,1
4,4,3,1,4,4,3,3,3,2,3,2,2,1,1
4,2,0,1,3,3,3,1,3,2,3,2,2,1,1
4,4,9,1,3,2,3,1,3,2,4,2,2,1,1
4,2,3,1,2,4,1,1,3,2,3,2,2,1,1
4,2,3,1,2,2,1,3,2,2,3,2,2,1,1
4,4,6,5,4,2,1,3,3,2,3,1,2,1,1
1,2,0,1,3,2,1,2,3,2,3,2,2,0,0
1,2,2,1,5,2,1,2,1,2,3,2,2,1,1
2,4,0,3,4,1,1,3,3,2,4,2,2,1,1
4,2,2,1,3,2,1,1,3,2,3,2,2,1,1
2,2,2,5,4,3,1,3,3,2,3,2,2,1,1
2,2,0,1,4,3,1,1,3,1,2,1,2,1,1
2,4,2,1,4,3,1,3,3,1,3,2,2,1,1
4,2,1,4,3,2,1,3,3,1,3,2,2,1,1
4,4,6,3,5,3,1,3,3,2,3,2,2,1,1
4,2,2,3,5,3,1,4,3,1,3,2,2,1,1
2,2,3,1,2,2,1,4,3,2,4,2,2,1,1
4,4,1,1,5,3,1,2,3,2,3,2,2,1,1
2,2,3,1,2,4,1,3,3,1,4,2,2,1,1
4,4,3,1,3,2,1,3,3,2,2,1,2,1,1
4,2,3,3,5,3,1,2,2,2,3,2,2,1,1
4,4,3,1,2,4,1,4,3,3,3,2,2,1,1
4,2,Other,5,2,2,1,1,3,2,3,1,2,1,1
4,2,2,3,3,3,1,3,3,2,3,2,2,1,1
4,2,0,1,3,4,1,2,3,2,4,2,2,1,1
4,4,3,2,5,3,1,1,3,2,3,2,2,1,1
3,2,2,1,3,3,1,1,3,2,3,1,2,1,1
4,2,2,1,3,3,1,1,3,2,3,2,2,1,1
3,2,2,1,3,3,1,1,3,2,3,2,2,1,1
4,2,3,1,2,2,1,1,3,2,3,1,2,1,1
4,2,0,1,3,2,1,3,3,2,3,2,2,1,1
4,2,2,4,3,1,1,1,3,2,3,1,2,1,1
2,2,0,4,5,3,1,1,3,2,3,2,2,1,1
1,1,0,2,4,3,1,3,1,2,3,1,2,1,1
2,4,Other,5,4,2,1,2,3,2,2,1,2,1,1
3,4,3,5,3,3,1,3,3,2,3,2,2,1,1
4,2,3,5,5,2,1,1,3,2,2,2,2,1,1
4,2,6,5,5,3,1,1,3,2,2,1,2,1,1
2,2,3,5,5,2,1,3,3,2,3,2,2,1,1
4,4,2,1,1,3,1,3,3,2,4,1,2,1,1
4,2,3,5,3,2,1,3,3,2,3,1,2,1,1
4,2,1,5,5,3,1,1,3,2,4,2,2,1,1
1,2,1,5,5,3,1,4,1,3,3,2,2,1,1
1,2,2,5,5,1,1,2,3,2,2,2,2,1,1
4,2,9,1,4,3,1,3,3,2,3,2,2,1,1
2,4,3,1,5,3,1,2,3,2,2,1,2,1,1
3,1,3,4,3,2,1,1,3,1,3,1,2,1,1
4,2,3,1,2,2,1,3,1,2,3,1,2,1,1
4,4,1,5,4,3,1,4,3,3,3,2,2,1,1
2,2,0,2,4,3,1,3,1,2,3,2,2,1,1
2,2,3,3,3,1,1,3,3,2,3,2,2,1,1
4,4,3,1,3,3,1,1,3,2,2,1,2,1,1
1,2,3,1,3,2,1,3,1,2,3,1,2,1,1
4,4,3,1,4,3,2,3,3,2,3,1,2,1,1
2,1,9,1,5,2,1,4,3,1,3,1,2,0,0
2,4,2,1,5,3,1,3,3,1,3,2,2,1,1
4,4,3,1,3,2,1,2,3,2,3,1,2,1,1
3,4,9,4,3,1,1,1,3,2,3,2,2,1,1
4,2,2,1,4,2,1,2,3,1,3,2,2,1,1
4,4,2,1,3,3,1,4,3,3,3,2,2,1,1
3,2,6,1,2,2,1,2,3,1,3,2,2,1,1
4,4,0,1,3,3,1,3,3,2,3,2,2,1,1
4,4,3,1,4,2,1,3,3,2,3,1,2,1,1
4,4,9,1,3,3,1,1,3,2,4,2,2,1,1
4,4,2,1,4,2,2,3,1,2,3,1,2,1,1
4,4,3,1,3,2,1,3,3,2,3,2,2,1,1
3,2,3,1,3,3,1,3,3,2,3,1,2,1,1
1,2,0,1,3,2,1,1,3,2,2,1,2,0,0
3,2,3,1,3,4,1,1,3,1,3,1,2,1,1
4,2,3,1,4,3,1,3,1,2,3,1,2,1,1
4,2,3,1,4,3,1,3,3,1,4,2,2,1,1
4,2,3,3,5,1,1,3,3,2,4,2,2,1,1
4,4,9,2,3,3,1,2,3,2,2,2,2,1,1
2,4,1,2,2,3,1,2,3,2,3,1,2,1,1
4,2,9,1,4,3,1,3,2,2,3,2,2,1,1
4,3,3,3,4,3,1,3,3,2,4,2,2,1,1
4,2,Other,1,2,2,1,1,3,1,3,2,2,1,1
4,4,0,1,2,2,1,2,3,2,3,1,2,1,1
1,0,9,5,2,3,1,3,1,2,3,1,2,1,1
4,4,3,1,3,2,1,3,3,2,3,2,2,1,1
4,2,9,1,4,2,1,3,3,2,3,1,2,1,1
4,2,9,2,4,3,1,3,3,2,3,2,2,1,1
4,2,0,5,5,3,1,3,3,2,3,2,2,1,1
4,2,3,3,5,3,1,3,3,2,3,2,2,1,1
2,2,6,1,4,3,1,3,3,2,3,1,2,1,1
3,2,0,2,3,2,1,3,1,2,4,2,2,1,1
4,2,3,2,3,3,1,3,3,1,4,2,2,1,1
2,2,6,5,3,4,1,3,3,2,3,1,2,1,1
2,2,0,5,4,2,1,3,3,2,3,1,2,1,1
4,2,0,5,2,3,1,2,3,2,3,1,2,1,1
4,2,3,1,3,3,1,3,3,2,3,1,2,1,1
4,4,1,1,4,3,1,3,3,2,4,2,2,1,1
4,4,0,1,4,3,1,4,3,2,4,2,2,1,1
4,4,2,1,3,2,1,4,3,2,3,1,2,1,1
4,2,3,2,4,3,1,4,3,2,3,1,2,1,1
4,1,9,1,3,2,1,1,2,2,3,1,2,1,1
4,2,3,3,5,3,1,3,1,2,4,1,2,1,1
4,1,1,5,2,3,3,1,1,1,3,2,2,1,1
3,1,3,5,4,3,1,3,1,2,2,1,2,1,1
1,2,2,5,2,2,1,2,3,2,3,2,1,1,1
1,2,0,5,4,3,2,1,3,2,2,1,1,1,1
2,2,9,1,5,3,2,1,1,2,4,2,2,1,1
1,2,3,1,3,3,1,1,3,1,4,2,2,1,1
2,2,3,5,2,3,1,2,3,2,3,1,2,1,1
2,1,0,5,1,3,2,4,3,3,4,2,2,1,1
4,2,3,2,5,3,2,3,3,2,3,2,2,1,1
3,2,0,5,2,3,1,1,3,2,2,1,1,1,1
1,1,2,3,3,3,1,1,2,2,3,2,2,1,1
1,1,2,3,3,3,1,1,2,2,3,2,2,1,1
3,4,0,1,3,3,1,1,3,2,1,1,1,1,1
2,2,0,5,2,3,1,1,3,2,1,1,2,1,1
3,2,0,1,2,3,3,2,3,2,2,1,2,1,1
4,2,1,5,2,2,1,1,3,1,3,1,2,1,1
3,2,0,4,2,4,1,1,3,2,1,1,1,1,1
1,2,0,1,2,2,1,1,3,2,2,2,2,1,1
4,2,0,5,5,3,2,2,3,2,2,1,1,1,1
1,1,3,1,2,3,2,4,1,3,4,2,2,1,1
3,4,3,5,5,3,1,2,2,2,2,1,2,1,1
4,3,1,1,4,3,1,3,3,2,2,2,2,1,1
4,3,1,4,3,3,1,3,3,2,3,1,2,1,1
1,2,2,4,3,3,1,3,3,2,3,1,2,1,1
4,4,3,4,3,2,1,1,3,2,2,1,2,1,1
1,2,0,2,3,3,1,3,3,2,2,2,2,1,1
4,3,0,1,3,3,1,3,3,2,2,1,2,1,1
4,2,9,4,5,2,1,1,1,2,2,1,2,1,1
2,1,9,2,4,3,1,3,3,2,3,1,2,1,1
4,2,3,1,5,3,1,1,3,2,4,2,2,1,1
4,0,3,1,5,4,1,3,3,2,2,1,2,1,1
4,2,1,2,5,3,1,3,3,2,4,2,2,1,1
1,2,1,1,3,1,1,2,3,2,4,2,2,1,1
2,2,0,1,4,4,1,3,1,2,2,1,2,0,0
1,2,3,1,5,2,1,3,3,2,3,1,2,1,1
4,2,2,1,5,3,1,1,3,2,3,1,2,1,1
1,2,3,1,5,3,1,1,1,1,2,1,2,1,1
4,2,2,1,2,2,1,1,3,1,2,1,2,1,1
4,2,1,3,3,3,1,3,3,2,3,1,2,1,1
4,4,3,3,3,4,1,2,3,2,2,1,2,1,1
4,2,0,1,5,3,1,2,3,2,4,2,2,1,1
4,2,9,2,3,2,1,2,3,1,2,1,2,1,1
4,4,3,3,5,3,1,2,1,2,4,2,2,1,1
4,1,3,3,5,3,1,2,1,2,2,1,2,1,1
4,2,1,2,4,2,1,3,3,2,3,1,2,1,1
4,4,3,1,3,3,1,3,3,2,3,1,2,1,1
4,3,2,2,3,3,1,2,3,2,3,1,2,1,1
2,2,5,2,3,2,1,1,3,2,2,1,2,1,1
4,2,1,5,3,3,1,3,3,2,3,1,2,1,1
2,3,0,5,5,3,1,3,3,2,3,1,2,1,1
2,3,5,1,3,3,1,1,3,2,2,2,2,1,1
4,2,3,1,5,3,1,3,3,2,3,1,2,1,1
4,2,3,1,5,3,1,3,3,2,3,1,2,1,1
4,4,1,4,5,3,1,3,3,2,4,2,2,1,1
3,2,9,1,4,3,1,2,3,1,3,2,2,1,1
1,3,2,1,5,2,1,2,3,2,2,1,2,1,1
4,4,2,1,2,2,1,1,3,1,3,1,2,1,1
1,2,3,1,5,3,1,1,3,2,2,1,2,1,1
4,2,9,1,4,3,1,1,3,2,2,1,2,1,1
4,2,2,1,2,3,1,2,1,2,2,1,2,1,1
4,4,0,1,2,2,1,3,3,2,4,1,2,1,1
3,2,2,1,2,2,1,2,3,2,3,1,2,1,1
4,2,2,1,5,3,1,3,3,2,3,1,2,1,1
4,2,3,1,2,2,1,3,3,2,3,1,2,1,1
4,2,3,3,5,3,1,3,3,2,3,1,2,1,1
2,2,3,1,3,3,1,1,3,2,2,1,2,1,1
4,2,0,3,5,3,1,2,3,2,3,1,2,1,1
4,4,2,1,2,2,1,2,3,1,2,1,2,1,1
4,1,3,2,5,3,1,3,1,2,2,1,2,1,1
4,2,1,3,3,3,1,2,3,1,3,1,2,1,1
4,3,2,3,4,2,1,3,3,2,3,2,2,1,1
4,2,5,3,4,4,1,1,3,1,2,1,2,1,1
4,2,2,3,5,3,1,2,3,2,3,1,2,1,1
4,2,1,1,5,3,1,3,3,2,4,2,2,1,1
4,1,Other,3,3,2,1,1,3,2,2,1,2,1,1
4,2,3,1,5,2,1,3,1,1,4,2,2,1,1
2,4,9,1,4,3,1,2,3,2,3,1,2,1,1
1,2,3,1,3,2,1,3,3,2,3,1,2,1,1
3,2,3,2,5,1,1,1,3,2,3,1,2,1,1
3,3,3,1,2,2,1,2,1,2,3,1,2,1,1
3,2,2,1,3,2,1,3,3,2,2,1,2,1,1
4,2,1,5,2,2,1,3,3,1,3,1,2,1,1
2,3,0,1,3,1,1,2,3,2,3,1,2,1,1
1,2,3,4,2,2,1,3,1,2,3,1,2,1,1
4,2,0,1,1,2,1,1,3,2,1,2,2,1,1
1,4,3,3,5,3,1,3,3,2,3,1,2,1,1
4,2,3,1,3,3,1,1,3,2,3,1,2,1,1
4,2,0,3,5,3,1,4,3,3,2,1,2,1,1
4,3,3,1,3,4,1,1,1,2,3,1,2,1,1
4,4,6,5,2,3,1,2,3,2,2,1,2,1,1
4,2,2,3,3,2,1,3,3,1,3,1,2,1,1
4,4,3,5,3,3,1,1,3,2,2,1,2,1,1
2,3,9,2,5,1,1,3,1,2,3,1,2,1,1
4,3,2,4,4,2,1,2,3,2,3,1,2,1,1
4,2,1,1,3,2,1,2,1,2,3,1,2,1,1
4,2,2,2,2,2,1,2,3,1,3,1,2,1,1
4,3,9,2,3,3,1,1,3,2,2,1,2,1,1
2,2,2,4,2,2,1,1,3,1,2,1,2,1,1
4,3,3,1,1,4,1,1,3,2,3,1,2,1,1
1,1,Other,1,5,4,1,3,1,2,2,1,2,1,1
3,2,3,1,4,3,1,3,1,2,3,1,2,1,1
3,2,2,1,2,2,1,3,3,2,3,1,2,1,1
4,4,3,5,3,3,1,1,3,2,3,1,2,1,1
3,2,3,1,3,2,1,1,3,2,2,1,2,0,0
4,2,0,2,5,4,1,1,3,1,2,1,2,1,1
1,2,2,1,3,3,1,1,1,2,2,2,2,1,1
4,1,0,5,3,3,3,1,2,2,2,1,2,1,1
1,2,3,1,2,2,1,2,3,1,4,2,2,1,1
4,0,1,5,3,3,1,2,3,2,2,1,2,1,1
4,4,3,5,5,3,1,1,3,2,3,1,2,1,1
4,4,1,5,5,3,1,3,3,2,3,2,2,1,1
4,4,0,4,3,2,1,1,1,2,2,1,2,1,1
2,2,0,1,2,3,1,2,3,2,3,1,2,1,1
1,2,0,1,2,3,1,1,3,2,2,2,2,1,1
4,2,1,5,5,3,1,4,1,3,3,1,2,1,1
4,1,9,1,4,3,1,3,1,2,3,2,2,1,1
3,2,3,1,3,4,1,3,3,2,3,1,2,1,1
4,4,3,1,3,3,1,2,3,2,3,1,2,1,1
4,0,0,2,3,3,1,4,1,1,3,1,1,1,1
4,2,0,3,3,3,1,4,3,1,2,1,1,1,1
4,2,3,2,3,2,2,1,3,2,3,1,2,1,1
4,2,9,4,5,1,1,1,3,2,3,2,2,1,1
1,4,2,5,2,2,2,1,3,1,3,1,1,1,1
4,2,0,1,3,3,1,1,3,2,2,1,1,1,1
4,4,0,4,5,2,1,1,3,2,3,2,2,1,1
4,2,0,2,3,3,1,1,3,1,2,1,1,1,1
3,4,0,1,5,3,1,1,3,2,3,1,1,1,1
4,2,0,5,4,3,1,2,3,2,3,1,1,1,1
4,4,3,1,5,3,1,3,3,2,3,2,2,1,1
4,4,6,5,3,2,1,3,3,2,3,2,2,1,1
4,4,3,1,3,2,1,3,3,2,3,1,2,1,1
4,4,3,1,4,2,1,3,3,1,3,2,2,1,1
4,2,0,5,4,2,1,2,3,1,3,1,2,1,1
4,3,0,5,5,4,1,3,3,2,3,2,2,1,1
1,2,2,1,2,3,2,2,3,2,2,1,1,1,1
1,4,5,2,5,3,3,1,3,2,3,1,1,1,1
1,4,0,1,4,3,2,2,3,2,3,2,2,1,1
4,2,1,2,3,3,2,1,3,2,3,1,2,1,1
4,2,1,4,4,3,1,2,3,2,3,1,1,1,1
4,4,3,5,5,3,1,3,3,2,3,2,2,1,1
1,1,1,1,3,2,3,3,1,1,3,1,1,1,1
4,4,1,5,1,3,1,4,3,2,4,2,2,1,1
4,2,0,2,3,3,3,1,3,1,3,1,1,1,1
4,4,0,2,4,2,1,3,3,2,3,2,2,1,1
4,2,3,1,3,3,1,2,3,2,3,2,1,1,1
4,2,6,3,5,3,1,4,3,3,3,2,2,1,1
3,4,0,1,5,3,1,4,3,3,3,2,2,1,1
1,4,0,1,3,3,1,2,3,2,3,1,2,1,1
4,4,6,1,3,3,1,3,3,2,3,1,2,1,1
4,4,2,5,3,4,1,3,3,2,3,1,1,1,1
4,2,0,4,4,2,1,3,3,2,3,2,2,1,1
4,4,9,5,5,1,1,3,1,2,4,1,2,1,1
1,4,0,1,3,2,2,1,3,2,3,1,2,0,0
4,2,3,2,5,3,1,4,1,3,3,2,2,1,1
4,4,1,5,5,3,1,4,3,3,3,1,2,1,1
1,2,1,1,3,3,3,4,1,2,3,2,2,1,1
4,4,0,1,5,3,1,1,3,2,2,1,1,1,1
3,2,0,1,5,2,1,3,3,2,4,1,2,1,1
4,4,0,5,5,2,1,3,3,2,3,2,2,1,1
4,4,0,1,5,3,1,1,3,2,2,1,2,1,1
1,2,2,1,2,2,1,3,3,1,3,1,2,1,1
4,4,2,5,3,4,1,2,3,2,3,1,2,1,1
4,2,2,1,3,2,1,1,3,1,3,1,2,1,1
4,2,3,5,3,3,1,4,3,3,3,2,2,1,1
4,0,2,1,5,3,1,2,3,2,3,1,2,1,1
3,2,3,3,3,2,1,3,3,2,2,1,2,1,1
2,0,Other,1,3,3,1,1,3,2,2,2,2,1,1
1,2,0,1,3,2,1,3,3,1,3,1,2,1,1
1,2,2,1,3,1,1,1,3,1,2,1,2,1,1
1,2,9,1,3,4,1,3,2,2,2,1,2,1,1
4,4,3,4,5,3,1,3,3,2,3,1,2,1,1
2,4,1,4,5,2,1,4,3,1,3,1,2,1,1
1,2,Other,1,2,2,1,1,3,2,3,1,2,1,1
4,3,2,2,4,3,1,1,3,2,4,1,2,1,1
1,2,3,1,3,3,1,3,3,2,4,1,2,1,1
1,0,5,1,4,3,1,1,3,2,3,1,2,0,0
2,3,1,1,5,3,1,3,3,2,4,2,2,1,1
2,2,5,2,3,3,3,1,3,2,3,1,2,1,1
4,4,3,5,4,3,1,2,3,2,3,1,2,1,1
1,2,2,1,2,2,1,3,3,1,3,1,2,1,1
1,2,2,1,4,2,1,3,3,1,2,1,2,1,1
4,4,0,5,5,3,1,4,1,3,4,2,2,1,1
2,2,0,1,3,4,1,1,3,1,2,1,2,1,1
4,4,2,3,3,3,1,1,3,2,3,2,2,1,1
2,2,3,1,3,3,1,1,3,2,3,1,2,1,1
2,2,2,1,3,2,1,2,3,2,3,1,2,0,0
4,2,0,1,3,3,1,2,3,2,2,1,2,1,1
3,2,Other,1,3,3,1,3,3,2,3,2,2,1,1
1,2,1,5,5,2,1,1,3,1,3,1,2,1,1
4,2,1,1,4,3,1,3,3,2,3,1,2,1,1
3,4,0,3,1,3,1,4,1,3,1,1,2,1,1
3,4,6,1,3,2,1,2,3,2,2,1,2,1,1
4,4,3,1,3,3,1,4,3,3,3,2,2,1,1
4,2,2,2,3,3,1,3,2,2,3,1,2,1,1
2,2,3,1,5,2,1,1,3,2,3,1,2,1,1
2,3,3,1,2,3,1,3,3,2,3,1,2,1,1
4,2,3,1,3,3,1,1,1,2,3,1,2,1,1
4,3,1,1,3,4,1,1,3,1,3,1,2,1,1
2,2,0,1,4,3,1,3,3,2,3,1,2,1,1
2,2,9,1,2,2,1,2,3,2,3,2,2,1,1
2,2,9,2,4,3,1,1,3,2,2,1,2,1,1
1,2,1,3,1,2,1,2,3,1,1,2,2,1,1
4,2,3,1,2,2,1,2,3,2,3,2,2,1,1
4,2,3,1,2,3,1,3,3,2,3,2,2,1,1
2,2,Other,5,1,3,1,4,1,3,1,2,2,1,1
4,2,1,1,3,3,1,3,3,2,3,2,2,1,1
2,2,9,1,3,4,1,1,1,2,3,2,2,1,1
2,2,9,4,2,4,1,1,1,2,3,2,2,1,1
4,2,3,5,4,4,1,2,3,1,3,2,2,1,1
4,2,3,2,1,2,1,1,3,2,3,1,2,1,1
4,3,9,5,3,3,1,1,3,2,3,2,2,1,1
4,4,3,5,5,3,1,3,3,2,3,1,2,1,1
4,3,9,3,3,3,1,3,3,2,3,2,2,1,1
4,4,3,3,5,3,1,2,3,2,3,2,2,1,1
4,4,3,1,5,3,1,3,3,2,3,1,2,1,1
4,4,3,2,1,2,1,1,3,2,2,1,2,1,1
4,4,1,4,3,3,1,1,3,2,3,1,2,1,1
4,4,3,5,3,3,1,2,3,2,3,2,2,1,1
1,4,2,1,5,3,1,3,3,2,3,2,2,1,1
4,2,3,1,3,4,1,1,3,2,3,1,2,1,1
2,4,0,4,3,2,1,3,3,2,3,1,2,1,1
2,4,0,1,1,3,1,3,3,3,1,2,2,1,1
4,2,0,5,5,2,1,4,3,3,4,2,2,1,1
4,4,3,1,5,3,1,3,3,2,3,2,2,1,1
4,4,3,1,5,3,1,1,3,2,3,1,2,1,1
2,3,6,2,4,3,1,4,3,1,3,2,2,1,1
2,4,6,1,5,2,1,3,3,2,4,2,2,0,0
1,2,6,5,3,2,1,2,1,1,3,2,2,1,1
2,2,0,5,3,2,1,1,3,2,2,1,2,1,1
4,4,3,1,4,2,1,3,3,1,4,2,2,1,1
4,3,5,4,5,3,1,4,3,3,3,1,2,0,0
2,4,9,3,3,3,1,3,1,2,3,1,2,1,1
2,4,9,5,3,4,1,1,1,2,3,1,2,1,1
4,4,9,5,5,3,1,4,3,1,2,1,2,1,1
4,3,3,5,5,3,1,4,3,3,3,1,2,1,1
4,4,6,2,3,2,1,3,3,2,3,1,2,1,1
4,3,3,1,3,2,1,1,3,2,3,1,2,1,1
1,4,9,1,5,3,1,3,2,2,4,2,2,1,1
2,4,9,1,1,4,1,3,3,2,1,2,2,1,1
4,4,2,1,2,2,1,2,3,2,3,2,2,1,1
4,3,9,1,4,3,1,3,3,2,3,1,2,1,1
1,4,2,5,4,3,1,2,3,2,4,2,2,1,1
4,2,3,5,3,4,1,1,3,1,3,2,2,1,1
4,4,3,1,5,3,1,1,3,2,3,1,2,1,1
4,2,2,1,3,3,1,1,3,2,3,1,2,1,1
4,4,3,5,5,3,1,4,3,3,3,1,2,1,1
4,2,3,5,3,2,1,3,3,2,3,1,2,1,1
4,2,1,1,3,3,1,4,3,3,4,2,2,1,1
2,2,3,3,3,2,1,1,3,2,2,1,2,1,1
2,2,3,3,3,3,1,1,3,2,2,1,2,0,0
1,2,2,5,4,3,1,3,3,2,3,2,2,1,1
2,2,0,1,1,3,1,4,1,3,4,2,2,1,1
2,4,6,1,2,2,1,4,3,3,3,2,2,1,1
1,2,0,1,1,3,1,4,3,3,3,1,2,1,1
2,3,3,5,3,3,1,1,3,2,2,1,2,1,1
2,3,Other,1,3,3,1,3,1,2,3,2,2,1,1
2,2,9,4,3,3,1,2,3,2,2,2,2,1,1
2,3,2,5,2,3,1,2,1,2,2,1,2,1,1
4,2,1,5,2,4,1,3,3,1,3,2,2,1,1
2,2,1,5,1,1,1,1,3,2,4,2,2,1,1
2,4,2,1,1,3,1,2,2,2,4,2,2,1,1
4,2,1,2,2,2,1,3,3,2,3,2,2,1,1
1,2,0,1,3,3,1,3,3,2,2,1,2,0,0
2,2,0,5,1,2,1,1,3,1,1,1,2,1,1
3,2,2,5,5,2,1,1,3,2,4,2,2,1,1
2,2,1,5,3,3,1,3,3,2,3,1,2,1,1
4,2,0,3,5,2,1,4,3,3,3,1,2,1,1
2,2,3,1,4,3,1,3,3,1,3,1,2,1,1
4,2,6,1,5,3,1,2,1,2,3,2,2,1,1
4,2,2,1,3,3,1,4,1,3,3,1,2,1,1
4,2,3,5,5,3,1,3,3,2,3,1,2,1,1
4,2,9,5,5,3,1,2,3,2,3,1,2,1,1
4,2,2,5,4,2,1,1,1,1,2,1,2,1,1
3,2,3,1,5,3,1,3,3,2,3,1,2,1,1
4,2,Other,1,2,4,1,3,3,2,2,1,2,1,1
4,2,2,1,5,3,1,2,1,2,3,2,2,1,1
4,2,3,5,2,3,1,3,3,2,3,1,2,1,1
4,4,6,1,5,2,1,4,1,3,2,1,2,1,1
2,2,5,1,1,2,1,3,3,2,3,2,2,1,1
4,2,5,5,5,3,1,2,3,2,3,2,2,1,1
2,2,2,1,4,2,1,1,3,1,3,1,2,1,1
4,3,9,1,3,3,1,4,3,3,3,1,2,1,1
4,4,2,5,5,3,1,2,3,1,3,2,1,1,1
4,4,2,4,4,2,1,2,3,2,3,1,2,1,1
4,4,9,1,3,2,1,1,3,2,3,1,2,1,1
4,4,2,1,2,1,1,3,3,2,4,2,2,1,1
2,4,2,1,5,2,1,2,3,2,3,2,1,1,1
4,2,9,1,3,4,1,1,3,2,3,2,2,1,1
4,2,0,5,2,3,1,2,3,2,4,2,2,1,1
4,2,3,1,2,3,1,1,3,2,3,1,2,1,1
4,4,2,1,5,3,1,2,2,2,3,1,2,1,1
1,0,9,1,4,3,1,2,1,2,3,2,2,1,1
4,4,3,1,5,4,2,1,3,2,3,1,2,1,1
1,4,1,1,5,3,1,1,3,2,3,1,2,1,1
4,2,3,2,4,4,1,2,3,2,3,2,2,1,1
4,2,3,1,4,4,1,1,3,1,3,1,2,1,1
4,4,1,5,4,3,1,2,3,2,3,2,2,1,1
4,4,0,1,1,2,1,2,3,2,1,1,2,1,1
1,2,3,3,5,4,1,1,3,2,3,1,2,1,1
4,2,0,1,2,4,1,1,3,2,3,1,2,1,1
4,4,0,2,4,4,1,2,3,2,3,2,2,1,1
4,2,3,1,4,3,1,2,3,2,3,1,2,1,1
4,4,5,1,3,1,1,1,3,2,3,2,2,1,1
4,2,1,1,4,3,1,3,3,2,4,2,2,1,1
4,4,3,1,5,4,1,1,3,1,3,1,2,1,1
4,4,3,5,5,2,1,1,3,2,3,2,2,1,1
4,4,1,5,3,3,1,2,3,2,4,2,2,1,1
4,4,2,1,5,3,1,3,3,2,3,2,2,1,1
1,2,0,2,5,3,1,2,3,2,3,2,2,1,1
4,4,0,3,3,4,1,3,3,2,3,1,2,1,1
4,2,6,1,2,2,1,4,3,2,3,1,2,1,1
2,4,0,2,2,1,1,3,3,2,3,2,2,1,1
2,2,2,1,2,4,1,2,3,2,3,1,2,1,1
4,2,0,4,4,2,1,3,3,1,3,1,2,1,1
2,2,3,2,2,3,1,3,3,2,3,1,2,1,1
2,3,9,2,4,3,1,3,3,1,4,2,2,1,1
4,2,6,1,3,3,1,4,2,3,3,2,2,0,0
4,2,3,5,2,2,1,3,3,2,3,2,2,0,0
4,4,2,1,2,2,1,2,3,1,3,2,2,0,0
4,2,2,1,3,2,1,3,3,2,4,2,2,0,0
4,2,2,1,1,2,1,3,3,2,4,2,2,0,0
4,2,3,1,3,2,1,1,3,2,3,1,2,1,1
4,2,3,5,2,2,1,1,3,1,3,2,2,1,1
2,4,1,1,1,3,1,3,3,2,4,2,2,1,1
4,4,3,1,3,2,1,3,2,2,3,1,2,1,1
1,2,3,1,3,4,1,1,3,2,2,1,2,1,1
2,2,3,1,4,2,1,1,3,2,3,1,2,1,1
4,2,3,1,3,3,1,4,3,3,4,2,2,1,1
4,4,3,1,3,2,1,3,3,2,3,1,2,1,1
4,4,3,1,4,3,1,1,3,2,2,1,2,1,1
4,4,1,5,4,3,1,3,3,2,3,2,2,1,1
3,2,3,1,3,2,1,3,3,1,2,2,2,1,1
1,4,3,1,4,4,1,2,3,2,4,2,2,1,1
1,2,3,1,2,2,1,3,2,2,3,1,2,1,1
2,2,3,1,5,2,1,3,3,2,3,2,2,1,1
4,4,0,1,4,2,1,1,3,2,3,1,2,1,1
4,4,0,1,4,3,1,1,3,2,2,1,2,1,1
4,4,3,5,5,3,1,2,3,1,2,2,2,1,1
2,0,2,1,3,2,1,3,1,2,3,2,2,1,1
2,2,3,1,2,2,1,3,3,2,3,2,2,0,0
2,2,3,5,4,3,1,3,3,2,3,2,2,1,1
2,2,2,1,3,3,1,2,3,2,2,1,2,0,0
2,4,2,1,2,2,1,2,3,2,3,1,2,1,1
4,4,3,1,4,3,1,1,3,2,2,1,2,1,1
2,2,9,1,2,4,1,1,3,2,3,2,2,1,1
2,2,3,5,3,2,1,3,3,2,3,1,2,1,1
3,4,3,5,4,3,1,2,3,2,3,2,2,1,1
2,2,0,4,3,4,1,1,3,2,3,1,2,1,1
4,4,2,3,4,2,1,3,3,1,3,2,2,1,1
2,2,0,1,4,3,1,2,3,1,3,2,2,1,1
4,4,6,1,4,3,1,1,3,2,2,1,2,1,1
4,2,0,1,3,4,1,1,3,2,3,2,2,1,1
4,2,Other,5,4,2,1,2,3,2,3,2,2,1,1
2,2,2,4,2,2,1,1,3,2,3,1,2,1,1
4,3,9,1,3,2,1,3,3,2,3,2,2,1,1
2,0,0,3,2,2,1,3,3,2,3,1,2,1,1
3,2,2,1,2,2,1,2,1,2,4,2,2,1,1
4,2,1,5,1,2,1,2,3,1,4,2,2,1,1
2,2,9,3,5,4,1,1,3,2,3,2,2,1,1
4,4,0,5,2,1,1,1,3,2,3,2,2,1,1
4,4,1,1,4,3,1,3,3,2,3,1,2,1,1
2,2,0,2,2,2,1,2,3,2,4,1,2,0,0
3,2,3,2,5,2,1,4,3,3,3,2,2,1,1
4,3,9,2,3,3,1,2,3,2,2,1,2,1,1
2,3,3,2,4,2,1,2,3,1,3,2,2,1,1
2,3,9,2,4,3,1,2,3,2,2,2,2,1,1
4,4,0,2,3,2,1,3,3,2,2,1,2,1,1
4,4,2,1,5,3,1,1,3,2,3,2,2,1,1
4,2,3,5,4,3,1,3,2,2,3,2,2,1,1
3,2,0,1,2,3,1,1,3,2,3,1,2,1,1
4,2,6,5,3,3,1,4,3,3,2,2,2,1,1
2,2,1,1,2,3,1,3,3,2,3,1,2,1,1
2,1,2,4,3,3,1,3,2,2,3,2,2,1,1
2,2,1,1,3,3,1,3,3,1,4,2,2,1,1
2,0,9,5,3,3,1,3,1,2,4,2,2,1,1
1,2,2,1,5,3,1,3,3,2,3,1,2,0,0
1,2,6,1,3,3,1,3,3,1,2,1,2,0,0
1,4,2,3,3,2,1,3,3,2,3,1,2,0,0
1,2,3,5,4,2,1,3,3,2,4,2,2,0,0
1,1,3,1,4,3,3,3,1,1,2,1,2,0,0
1,2,2,2,1,1,1,2,3,2,3,1,2,0,0
4,2,3,2,5,3,1,3,3,2,3,1,2,0,0
1,2,Other,2,1,2,1,2,3,2,3,1,2,0,0
1,2,2,1,5,3,1,4,3,3,4,2,2,0,0
1,2,1,1,4,3,1,4,3,3,4,2,2,1,1
1,4,0,1,5,3,1,4,3,3,4,2,2,1,1
1,2,2,1,3,3,3,2,3,2,3,1,2,1,1
1,2,3,1,4,2,3,1,3,2,3,1,2,1,1
2,2,2,1,2,2,1,1,3,1,4,1,2,1,1
1,2,2,1,3,3,1,1,3,2,3,1,2,1,1
1,4,Other,1,5,3,1,4,1,3,4,2,2,1,1
1,4,2,1,2,2,2,4,3,1,2,2,2,0,0
1,1,0,1,1,2,2,4,3,1,1,1,2,0,0
1,0,2,1,3,1,3,1,3,2,3,1,2,1,1
1,4,2,1,3,3,3,2,3,2,3,1,2,1,1
1,2,2,1,3,3,3,2,3,2,2,1,2,1,1
1,4,0,1,5,3,1,1,3,2,3,1,2,1,1
1,2,3,1,5,3,3,2,3,2,3,1,2,1,1
1,2,2,1,4,3,1,2,3,2,3,1,2,0,0
1,2,1,1,3,3,1,2,3,2,3,1,2,0,0
4,4,2,1,4,3,1,2,3,2,2,1,2,1,1
1,2,0,5,1,2,1,2,3,2,4,2,2,1,1
1,2,2,1,3,3,3,2,3,2,2,1,2,1,1
1,2,2,1,5,3,1,2,1,2,3,1,2,0,0
1,4,2,1,3,1,1,2,3,2,3,1,2,1,1
2,3,2,1,1,3,1,2,2,2,4,2,1,1,1
1,4,0,1,4,2,1,2,3,2,3,1,2,1,1
1,2,1,1,4,3,1,2,3,2,3,1,2,1,1
2,2,2,2,5,3,1,4,3,3,3,1,2,1,1
2,2,0,2,2,2,1,2,1,2,2,1,2,0,0
1,2,2,1,3,1,1,3,3,2,3,1,2,1,1
1,2,2,1,3,2,2,2,3,2,3,1,2,1,1
1,2,2,1,2,2,3,2,3,1,3,1,2,1,1
1,2,1,1,1,3,1,4,3,3,4,2,2,1,1
1,2,0,1,3,2,3,2,3,2,3,2,2,1,1
1,4,1,1,5,3,1,4,3,3,4,2,2,1,1
1,2,0,2,4,3,1,3,3,2,4,2,2,1,1
1,2,2,1,2,1,1,2,3,2,2,1,2,0,0
2,4,0,1,4,3,1,1,3,2,2,1,2,1,1
4,2,1,5,3,1,1,4,3,3,3,2,2,1,1
4,4,Other,1,1,3,2,4,1,2,4,2,2,1,1
1,4,1,1,5,3,1,4,3,3,4,1,2,1,1
1,2,2,1,3,3,2,2,3,2,2,1,2,1,1
1,4,1,1,1,3,1,4,3,3,4,2,2,1,1
1,4,2,1,1,3,1,4,3,3,4,2,2,1,1
4,2,0,5,1,3,1,4,3,2,4,2,2,1,1
4,4,3,4,5,3,1,3,3,2,3,1,2,1,1
4,2,Other,5,1,3,1,2,3,2,4,2,2,1,1
1,2,2,1,1,2,1,4,3,3,4,1,2,1,1
1,4,2,1,3,2,1,2,3,1,3,1,2,1,1
1,2,2,1,4,3,3,2,3,3,3,1,2,1,1
1,2,2,1,3,3,1,2,3,2,3,1,2,1,1
1,2,2,1,1,3,1,2,3,2,4,2,2,1,1
1,2,0,1,4,3,1,4,1,3,4,2,2,1,1
1,2,2,1,2,3,1,4,1,3,3,1,2,1,1
1,4,2,1,5,3,1,2,3,2,3,1,2,0,0
1,4,9,1,2,3,1,2,1,2,2,1,2,1,1
1,4,2,1,5,2,1,2,3,2,3,1,2,1,1
1,4,1,1,5,3,1,2,3,2,3,2,2,1,1
1,4,2,1,3,4,1,2,3,2,3,2,2,1,1
3,0,9,1,2,1,1,2,3,2,3,1,2,1,1
1,4,1,1,5,2,1,4,3,3,4,2,2,1,1
1,4,1,1,5,2,1,4,2,3,2,1,2,0,0
4,4,6,1,5,3,1,4,3,3,3,1,2,1,1
1,2,Other,1,1,1,2,3,3,2,4,1,2,1,1
4,4,3,2,5,3,1,2,1,2,3,1,2,1,1
4,3,3,5,5,3,1,3,1,2,3,1,2,1,1
2,3,9,2,5,3,1,2,2,2,3,1,2,1,1
2,2,9,2,3,3,1,3,3,2,3,1,2,1,1
2,2,2,5,3,2,1,2,3,2,2,2,2,1,1
2,2,3,5,5,3,1,2,3,2,3,1,2,1,1
2,2,Other,5,5,3,1,2,3,2,3,1,2,1,1
4,4,3,5,5,3,1,2,3,2,3,1,2,1,1
2,3,9,5,3,3,1,4,3,3,3,2,2,1,1
2,3,9,5,5,3,1,2,3,2,3,1,2,1,1
2,4,3,2,2,3,1,4,1,2,3,1,2,0,0
2,2,3,1,3,2,3,1,3,2,3,1,2,1,1
2,2,3,1,3,3,3,1,3,2,3,1,1,1,1
2,2,3,1,2,4,1,1,3,2,2,1,1,1,1
2,2,3,1,3,3,3,1,3,2,3,1,1,1,1
2,2,3,1,4,3,3,1,3,2,3,1,2,1,1
2,3,3,1,3,4,2,1,3,1,3,1,2,1,1
2,2,3,1,5,3,1,3,3,2,3,1,2,1,1
1,4,0,1,5,3,1,1,3,2,2,1,2,1,1
2,2,3,1,3,2,3,1,3,2,3,2,2,1,1
2,2,3,1,2,2,3,1,3,2,3,1,2,1,1
2,4,3,1,2,3,3,1,3,2,3,1,2,1,1
2,2,3,1,3,4,3,1,3,2,2,1,2,1,1
2,2,3,1,3,3,3,1,3,2,3,1,2,1,1
2,2,3,1,2,2,3,2,3,2,2,1,2,1,1
2,2,3,1,5,4,3,1,3,2,2,1,2,1,1
2,2,3,1,3,2,3,1,3,2,2,1,2,1,1
2,2,3,1,4,2,3,1,3,2,2,1,2,1,1
2,2,3,1,2,4,3,1,1,2,2,1,2,1,1
3,4,0,2,5,1,1,3,3,2,3,2,2,1,1
1,4,3,1,3,3,1,1,3,2,2,1,2,1,1
2,4,3,1,5,2,3,1,1,1,2,2,2,1,1
2,4,3,5,4,3,3,1,1,2,3,2,2,1,1
2,2,3,1,4,4,3,1,1,2,2,1,2,1,1
2,1,3,1,3,3,1,1,2,2,2,1,2,1,1
2,2,3,1,5,4,3,1,1,2,2,1,2,1,1
2,3,1,5,4,3,1,2,1,1,4,2,2,1,1
2,4,3,5,5,3,3,1,3,2,3,2,2,1,1
1,2,3,1,3,3,1,2,3,2,2,1,2,1,1
4,4,2,1,4,3,1,2,3,2,3,1,2,1,1
2,2,2,1,3,1,1,3,3,2,2,1,2,1,1
2,1,Other,5,2,2,1,4,1,2,1,1,2,1,1
3,2,2,1,2,2,1,2,2,2,2,1,2,1,1
1,2,3,2,3,2,1,3,3,2,2,1,2,0,0
4,2,3,2,4,2,1,1,3,2,3,2,2,1,1
1,2,0,1,3,4,1,1,3,2,2,1,2,1,1
2,2,5,1,2,4,1,2,3,2,2,1,2,1,1
4,3,1,1,2,2,1,2,3,2,2,1,2,1,1
4,2,2,1,3,3,1,1,3,1,2,1,2,1,1
4,3,3,1,4,3,1,3,3,2,3,2,2,1,1
3,3,0,1,3,2,1,3,2,2,3,2,2,1,1
4,2,3,1,3,4,1,2,3,2,3,1,2,1,1
2,4,1,2,1,3,1,3,3,2,3,1,2,1,1
1,4,3,4,5,2,1,2,3,1,4,2,2,1,1
1,2,1,5,5,3,1,4,3,3,3,1,2,0,0
2,4,1,1,3,3,1,3,3,2,3,2,2,1,1
1,3,6,5,3,2,1,3,3,1,3,2,2,1,1
1,2,2,4,5,2,1,2,3,1,3,2,2,1,1
1,4,3,5,5,3,1,1,3,2,3,2,2,1,1
4,2,Other,3,4,3,1,2,3,2,3,2,2,1,1
3,4,2,5,5,3,2,4,3,1,3,1,2,1,1
2,4,0,5,5,3,1,1,3,2,3,1,2,1,1
1,1,9,1,4,2,3,3,3,1,3,1,2,0,0
4,4,6,1,3,3,1,4,1,3,3,2,2,1,1
4,2,0,1,5,2,2,4,3,3,3,2,2,1,1
1,4,5,1,1,3,2,3,3,2,1,1,2,1,1
4,4,9,5,5,3,1,1,3,2,3,1,2,1,1
4,4,6,5,5,2,1,2,3,1,2,1,2,1,1
4,2,0,1,3,3,3,2,3,1,3,1,2,1,1
4,0,5,1,3,3,1,3,3,2,3,1,2,1,1
1,2,6,1,4,3,1,4,3,3,4,2,2,1,1
4,2,9,4,3,3,1,2,3,2,4,2,2,0,0
2,2,2,5,2,2,1,1,3,1,3,1,2,0,0
2,2,3,2,3,4,1,3,3,2,3,1,2,0,0
2,3,6,1,5,3,1,4,3,3,3,1,2,0,0
3,2,6,1,5,3,1,3,3,1,4,2,2,1,1
4,3,1,1,3,3,1,1,2,2,2,1,2,1,1
4,3,1,5,4,3,1,3,2,2,4,2,2,1,1
1,2,2,1,3,3,1,3,2,2,3,1,2,1,1
2,2,1,1,3,4,1,3,3,1,3,2,2,1,1
4,2,0,3,4,2,1,3,1,2,4,1,2,1,1
4,2,0,1,5,3,1,3,3,2,4,2,2,1,1
4,4,1,5,3,3,1,3,3,2,4,2,2,1,1
2,3,3,5,3,3,1,4,3,3,4,1,2,1,1
2,1,1,1,1,3,1,4,1,3,4,2,2,1,1
4,2,0,5,3,3,1,4,3,3,3,2,2,1,1
4,4,1,4,5,3,1,4,3,1,3,2,2,1,1
1,2,0,1,1,2,1,3,3,1,3,1,2,1,1
1,2,1,1,5,3,1,4,3,3,3,1,2,1,1
4,2,Other,3,3,1,1,1,3,2,3,1,2,1,1
2,2,3,1,5,3,1,3,3,2,2,1,2,1,1
4,4,3,4,3,3,1,1,3,2,3,1,2,1,1
2,2,5,1,5,3,1,3,3,2,2,1,2,1,1
2,0,1,2,5,4,1,3,1,2,3,2,2,1,1
4,2,2,1,4,2,1,1,3,2,2,1,2,1,1
4,2,3,4,4,1,1,1,3,2,2,1,2,1,1
1,2,2,5,3,4,1,3,3,2,3,1,2,0,0
4,4,1,5,5,3,1,3,3,2,3,1,2,1,1
4,2,1,5,4,2,1,2,2,1,2,1,2,1,1
4,2,2,1,3,4,1,2,3,1,3,1,2,1,1
2,2,1,5,5,3,1,4,1,3,3,2,2,1,1
4,4,5,1,5,3,1,4,3,3,3,1,2,1,1
2,2,6,1,4,2,1,2,3,2,4,2,2,1,1
3,2,2,1,5,1,1,4,3,3,3,1,2,1,1
2,3,0,2,5,3,1,4,3,3,3,1,2,1,1
1,2,0,1,3,3,1,3,3,2,2,1,2,0,0
2,4,6,4,5,3,1,4,3,3,3,1,2,0,0
2,2,1,3,2,2,1,3,3,1,3,1,2,0,0
2,2,0,5,1,3,1,2,3,2,1,2,2,0,0
1,0,0,1,5,3,1,3,3,1,3,1,2,0,0
1,4,0,1,5,3,1,3,3,2,2,1,2,0,0
1,0,0,1,3,3,1,3,1,2,3,1,2,0,0
2,2,0,1,3,2,3,4,1,2,3,1,2,0,0
2,4,0,1,2,1,1,3,3,2,3,1,2,0,0
2,2,3,1,4,3,1,1,3,2,3,1,2,0,0
1,2,3,1,3,3,1,4,3,3,3,1,2,0,0
4,0,0,5,3,2,1,2,1,2,3,2,2,0,0
2,2,6,1,3,3,1,4,3,3,3,1,2,0,0
4,3,0,1,5,3,1,3,3,2,2,1,2,0,0
4,2,3,1,4,3,1,3,3,2,3,1,2,0,0
2,4,3,1,4,3,3,1,3,2,3,1,2,0,0
4,4,0,1,3,3,1,2,1,2,3,1,2,0,0
2,1,0,2,4,3,1,4,3,2,3,1,2,0,0
1,2,Other,5,3,2,1,3,3,1,3,1,2,0,0
1,2,3,1,1,3,1,3,2,2,4,1,2,0,0
1,2,0,1,2,3,1,4,3,3,4,2,2,0,0
1,2,Other,1,3,4,1,1,3,2,2,2,2,0,0
1,2,0,1,4,3,1,3,3,2,3,2,2,0,0
1,3,9,1,4,3,1,3,3,2,3,2,2,0,0
1,2,0,1,2,2,1,3,3,2,3,2,2,0,0
2,3,2,1,5,1,1,4,3,2,4,2,2,0,0
1,4,2,1,3,1,1,1,3,1,4,2,2,0,0
2,4,3,1,3,4,1,3,3,2,3,1,2,0,0
4,2,6,2,3,3,1,2,3,2,4,2,2,0,0
2,4,2,1,4,3,1,2,3,2,3,1,2,0,0
1,3,3,1,2,4,1,1,2,2,3,1,2,0,0
2,2,0,1,5,3,1,4,3,3,4,2,2,0,0
2,1,6,4,2,2,1,2,1,1,3,1,2,0,0
1,1,3,1,3,1,1,4,3,3,3,1,2,0,0
4,2,3,3,5,3,1,3,1,2,3,2,2,0,0
2,1,0,2,2,2,1,2,2,2,2,1,2,0,0
2,3,5,4,3,4,1,2,2,2,3,1,2,0,0
2,0,9,1,3,3,1,1,3,2,2,2,2,0,0
2,4,2,1,2,2,1,3,1,2,2,1,2,0,0
2,0,0,1,2,2,1,1,3,1,1,1,2,0,0
3,2,3,1,2,2,1,1,3,2,2,1,2,0,0
1,1,2,1,2,1,1,2,1,2,3,2,2,0,0
1,2,6,1,2,2,1,2,3,2,3,1,2,0,0
3,3,9,1,5,3,1,1,3,2,4,2,2,0,0
2,0,9,1,5,3,1,4,3,3,4,2,2,0,0
3,2,2,1,3,3,1,1,3,2,2,1,2,0,0
3,4,6,1,2,1,1,3,3,1,3,1,2,0,0
1,2,0,5,5,2,1,3,1,2,3,1,2,0,0
3,2,0,1,4,3,1,4,1,3,3,1,2,0,0
1,2,0,5,3,2,1,2,3,2,3,1,2,0,0
1,2,0,5,4,2,1,4,3,1,3,1,2,0,0
1,2,0,5,3,2,1,1,3,1,3,1,2,0,0
2,2,0,5,3,2,1,2,3,2,3,1,2,0,0
1,2,0,5,3,4,1,3,3,2,3,1,2,0,0
1,2,0,1,2,2,1,2,3,1,3,1,2,0,0
2,0,0,2,2,2,1,3,3,2,3,1,2,0,0
1,3,9,1,5,3,1,4,3,2,3,2,2,0,0
1,2,2,1,5,3,1,2,3,1,4,2,2,0,0
1,1,6,1,5,2,1,4,3,3,3,1,2,0,0
2,2,9,1,3,3,1,3,3,2,3,2,2,0,0
1,2,9,1,5,3,2,4,3,1,3,1,2,0,0
4,2,5,1,2,2,1,1,3,2,3,1,2,0,0
1,2,3,1,3,2,1,1,3,2,3,1,2,0,0
2,1,1,1,5,2,1,4,1,3,4,2,2,0,0
4,3,2,1,4,2,1,1,3,2,3,1,2,0,0
3,2,0,2,5,2,1,4,3,3,2,1,2,0,0
1,2,0,1,4,3,1,1,3,2,3,1,2,0,0
2,2,2,1,3,2,1,1,3,2,3,1,2,0,0
4,2,2,1,2,2,2,3,3,1,3,1,2,0,0
2,2,3,4,4,3,2,4,1,2,3,2,2,0,0
1,3,6,1,3,3,1,2,2,2,3,2,2,0,0
1,2,3,1,2,1,1,2,3,2,3,1,2,0,0
1,2,3,1,3,2,1,1,3,2,3,2,2,0,0
1,3,3,1,2,2,1,3,3,1,2,2,2,0,0
2,3,0,1,1,3,1,2,3,2,4,2,2,0,0
2,0,9,2,4,3,1,4,3,3,2,1,2,0,0
1,4,0,1,5,3,2,2,3,1,3,2,2,0,0
2,2,5,1,3,3,1,3,3,2,3,1,2,0,0
2,2,3,1,3,2,1,1,3,2,3,1,2,0,0
2,0,3,1,3,2,1,3,3,2,3,2,2,0,0
4,3,3,1,3,3,1,3,3,2,4,2,2,0,0
4,3,9,5,2,3,1,3,3,1,3,2,2,0,0
3,2,3,1,3,3,1,3,3,2,3,1,2,0,0
4,2,2,1,2,2,1,2,3,2,3,1,2,0,0
2,2,1,1,3,2,1,3,3,1,4,1,2,0,0
4,0,9,1,3,3,1,3,2,2,3,1,2,0,0
2,2,2,1,4,1,1,3,3,2,3,2,2,0,0
4,1,0,1,5,3,1,4,1,2,4,2,2,0,0
4,2,0,3,3,2,1,2,3,2,3,1,2,0,0
1,2,6,5,5,3,1,4,3,2,4,2,2,0,0
2,4,2,1,2,3,1,1,3,2,2,1,2,0,0
4,2,2,3,3,2,1,3,3,1,2,1,2,0,0
2,2,Other,1,3,3,2,3,1,2,4,2,2,0,0
2,4,Other,1,3,3,2,3,3,2,4,2,2,0,0
2,4,3,3,3,3,1,2,3,2,2,1,2,0,0
2,3,3,2,2,3,1,4,2,2,4,1,2,0,0
2,1,Other,2,5,2,1,4,1,3,4,2,2,0,0
2,2,3,2,3,2,2,4,3,3,3,1,2,0,0
2,2,6,2,3,3,1,4,3,3,3,2,2,0,0
2,2,3,2,3,3,3,2,3,1,3,1,2,0,0
1,1,3,1,3,2,1,1,1,2,2,1,2,0,0
2,4,9,1,5,1,1,1,3,2,3,2,2,0,0
3,4,0,5,4,3,1,1,1,2,2,1,2,0,0
4,2,2,1,2,4,2,2,3,2,2,1,2,0,0
1,2,0,1,4,3,1,4,3,3,3,1,2,0,0
1,1,2,3,2,3,1,4,3,3,3,2,2,0,0
1,2,3,1,3,1,1,3,3,1,3,1,2,0,0
1,2,3,1,2,3,1,3,3,2,3,1,2,0,0
1,2,3,2,2,4,1,4,3,2,2,2,2,0,0
4,2,9,5,3,1,1,1,1,2,3,1,2,0,0
1,2,9,1,2,2,1,2,3,1,3,1,2,0,0
2,2,3,1,2,4,1,1,3,1,3,1,2,0,0
4,4,0,1,4,3,1,2,1,2,3,1,2,0,0
1,4,6,1,3,3,1,4,1,2,3,2,2,0,0
3,4,3,5,3,3,1,4,3,3,3,2,2,0,0
2,2,0,1,2,2,1,3,3,1,3,1,2,0,0
2,2,1,1,2,4,1,3,3,1,4,2,2,0,0
2,2,2,2,2,2,1,3,1,1,3,1,2,0,0
2,2,0,1,2,2,1,3,3,2,2,2,2,0,0
1,2,Other,1,3,3,1,3,3,2,3,1,2,0,0
4,4,0,1,3,2,1,1,2,2,3,2,2,0,0
4,2,3,1,1,2,2,1,3,1,3,1,2,0,0
4,3,9,1,2,1,1,3,3,2,3,1,2,0,0
2,1,6,1,4,2,1,4,1,3,2,1,2,0,0
2,4,0,1,1,4,1,3,3,2,4,1,2,0,0
2,4,0,1,1,4,1,3,3,2,4,1,2,0,0
1,2,3,1,3,2,1,3,3,2,3,2,2,0,0
1,2,3,1,2,2,1,2,3,1,3,1,2,0,0
1,1,Other,5,5,3,1,3,2,2,4,2,2,0,0
1,2,2,1,1,3,1,3,3,2,1,1,2,0,0
3,0,3,1,2,3,1,3,3,2,4,2,2,0,0
1,2,0,1,5,3,1,4,1,3,4,1,2,0,0
2,1,0,2,3,4,1,2,3,1,3,1,2,0,0
2,2,0,2,3,2,1,3,3,1,3,2,2,0,0
2,2,0,2,4,3,1,2,3,2,3,1,2,0,0
1,2,0,1,2,2,1,2,3,2,3,1,2,0,0
1,4,6,1,3,2,1,4,3,2,4,2,2,0,0
1,2,3,1,2,2,1,1,3,2,3,2,2,0,0
2,2,2,2,2,3,2,4,3,1,4,2,2,0,0
2,2,0,1,4,3,1,4,3,2,4,2,2,0,0
1,4,1,1,4,3,1,3,3,2,3,2,2,0,0
2,2,3,5,3,4,1,1,3,2,3,2,2,0,0
1,2,2,1,1,2,1,3,3,2,3,1,2,0,0
2,3,2,1,1,2,1,2,3,2,4,2,2,0,0
2,2,1,1,1,2,1,4,3,3,4,2,2,0,0
4,3,9,3,2,3,1,1,1,2,2,1,2,0,0
4,2,0,1,3,2,1,1,3,1,3,1,2,0,0
2,2,9,1,3,3,1,3,3,2,3,2,2,0,0
4,2,0,5,3,3,3,2,3,2,2,1,2,0,0
1,2,0,1,4,3,2,2,3,2,3,2,2,0,0
1,2,0,1,2,3,1,1,3,2,2,1,2,0,0
2,3,0,1,5,3,1,4,1,3,3,2,2,0,0
1,2,2,1,3,3,2,3,3,2,3,1,2,0,0
1,0,2,1,2,2,1,2,3,1,3,1,2,0,0
1,4,2,1,3,2,1,1,3,1,3,1,2,0,0
1,1,2,1,3,3,1,3,1,2,3,1,2,0,0
1,2,2,1,4,2,1,1,3,1,3,1,2,0,0
1,3,0,1,1,3,1,1,3,3,3,1,2,0,0
1,0,2,1,3,3,1,4,3,3,3,1,2,0,0
1,3,0,1,3,3,1,4,3,3,3,1,2,0,0
1,4,0,1,5,3,1,2,3,2,3,1,2,0,0
1,3,3,1,4,3,1,2,1,2,3,2,2,0,0
1,1,2,1,5,3,1,3,1,2,3,1,2,0,0
1,0,2,1,5,3,1,4,1,1,3,1,2,0,0
1,2,2,1,3,3,1,3,3,2,3,1,2,0,0
1,2,2,1,3,2,1,3,3,1,3,1,2,0,0
2,0,2,1,2,2,1,2,3,1,3,1,2,0,0
1,0,1,1,5,3,1,4,3,3,3,1,2,0,0
1,4,1,1,5,3,1,4,3,3,3,2,2,0,0
1,1,2,1,4,3,1,3,1,2,3,1,2,0,0
1,1,0,1,2,3,1,3,1,2,3,2,2,0,0
1,2,0,1,4,2,1,3,3,1,3,1,2,0,0
1,0,9,1,1,3,1,2,3,2,3,2,2,0,0
1,3,6,1,2,3,1,2,2,2,3,1,2,0,0
1,2,2,1,3,2,1,1,3,1,3,1,2,0,0
1,1,9,1,3,3,1,2,1,1,3,2,2,0,0
1,2,Other,1,4,4,1,2,3,1,3,1,2,0,0
1,2,1,1,4,3,1,4,3,3,3,2,2,0,0
2,0,9,1,3,3,1,3,2,2,3,2,2,0,0
2,4,0,1,5,3,3,1,3,2,3,1,2,0,0
1,2,0,1,2,2,1,1,1,2,2,1,2,0,0
2,2,0,1,5,1,1,1,3,1,3,1,2,0,0
1,2,0,1,4,1,1,3,3,2,3,1,2,0,0
1,4,0,1,5,3,3,2,3,1,3,2,1,0,0
1,4,0,1,3,4,3,2,1,1,3,1,1,0,0
2,2,2,1,3,2,1,3,1,2,3,1,2,0,0
2,4,0,1,5,3,1,3,3,2,3,2,2,0,0
2,2,0,1,2,3,1,1,1,2,2,1,2,0,0
2,3,0,2,5,3,1,3,2,2,4,2,2,0,0
4,4,0,3,3,3,1,4,3,3,3,1,2,0,0
2,2,0,1,5,3,1,3,1,2,2,1,2,0,0
4,2,6,1,5,3,1,3,1,2,2,1,2,0,0
2,2,0,5,3,3,1,4,1,3,3,2,2,0,0
1,2,3,1,5,3,1,1,3,2,2,1,2,0,0
2,1,0,2,1,3,1,2,2,2,4,2,2,0,0
4,2,2,1,3,3,1,1,3,1,2,1,2,0,0
4,1,1,5,1,2,1,1,1,2,4,2,2,0,0
1,1,0,1,4,3,1,4,1,3,2,1,2,0,0
4,4,3,5,5,2,1,2,3,2,2,1,2,0,0
2,4,3,1,2,3,1,2,1,2,2,1,2,0,0
3,4,0,3,4,4,1,1,3,2,3,2,2,0,0
2,2,9,1,5,2,1,2,3,2,3,1,2,0,0
4,4,1,2,3,2,1,3,3,1,2,1,2,0,0
3,1,9,1,2,2,1,1,1,2,1,1,2,0,0
1,4,5,1,1,2,1,4,3,3,1,1,2,0,0
2,2,9,2,5,1,1,3,3,1,2,1,2,0,0
2,2,2,2,3,2,2,3,1,1,3,1,2,0,0
2,0,9,2,3,2,1,3,3,1,2,1,2,0,0
2,2,3,2,2,4,1,3,3,1,3,2,2,0,0
4,2,0,5,3,3,1,3,2,1,3,1,2,0,0
2,2,3,1,2,3,1,3,3,2,3,1,2,0,0
2,0,9,1,2,3,1,4,3,1,3,2,2,0,0
1,2,2,1,2,2,1,1,3,1,2,2,2,0,0
2,2,3,1,5,3,1,3,3,2,3,1,2,0,0
2,2,2,1,2,2,1,3,1,2,3,2,2,0,0
4,3,9,1,2,3,1,3,1,2,3,2,2,0,0
1,2,3,1,3,4,1,1,3,2,3,1,2,0,0
1,2,3,1,3,3,1,4,3,3,3,2,2,0,0
1,1,0,5,3,3,1,2,1,2,2,1,2,0,0
4,2,9,1,1,3,1,3,3,1,4,2,2,0,0
2,0,9,1,5,2,1,4,2,3,4,2,2,0,0
3,2,3,1,3,3,2,1,3,2,3,1,2,0,0
1,0,9,1,5,3,1,3,3,1,3,1,2,0,0
1,2,6,1,2,2,1,2,3,2,3,1,2,0,0
1,2,5,1,2,1,1,4,1,2,2,2,2,0,0
2,0,Other,1,3,2,1,2,1,2,4,2,1,0,0
1,2,0,1,5,3,1,4,1,2,4,2,2,0,0
2,2,2,5,5,2,1,2,3,2,3,2,2,0,0
1,2,1,1,5,3,1,4,3,3,3,2,2,0,0
2,2,3,1,2,4,1,2,3,2,3,2,2,0,0
4,3,9,1,3,4,1,3,3,2,3,2,2,0,0
2,4,2,1,3,2,1,3,3,2,4,2,2,0,0
1,2,3,1,3,2,1,3,1,1,3,1,2,0,0
1,2,3,1,4,4,3,1,3,2,3,2,2,0,0
4,4,9,1,1,3,1,3,2,2,4,2,2,0,0
1,2,0,1,5,1,1,2,3,2,4,2,1,0,0
1,2,3,2,4,4,1,2,3,2,3,1,2,0,0
1,2,0,1,2,2,1,3,3,2,2,1,2,0,0
2,2,0,1,3,2,1,2,3,1,2,2,2,0,0
1,2,6,1,1,2,1,1,3,2,1,1,2,0,0
2,2,1,1,5,2,1,4,3,3,4,2,2,0,0
1,2,1,5,5,3,1,2,3,3,3,2,2,0,0
1,4,0,1,5,2,1,1,1,1,3,2,2,0,0
1,0,3,1,3,3,1,2,3,1,3,2,2,0,0
1,2,3,1,3,3,1,1,3,1,2,1,2,0,0
1,2,0,1,5,3,2,1,3,2,3,1,2,0,0
4,4,0,5,5,3,1,4,3,3,4,2,2,0,0
2,2,3,5,1,3,1,4,3,2,4,2,2,0,0
1,2,2,5,5,3,1,2,3,2,3,1,2,0,0
